District,Region,Population,Health_Facilities,Doctors,Nurses,Hospital_Beds,Disease_Cases,Medicine_Stock,Emergency_Visits,Budget_Million_UGX,Resource_Need_Level
Jinja,Northern,464002,11,23,568,116,24465,77,1050,7652,Medium
Masaka,Northern,89317,16,116,448,91,16272,45,9128,3677,Medium
Kampala,Central,284083,79,20,426,70,14988,42,9220,7232,Medium
Gulu,Western,489499,23,143,140,604,20716,75,3061,1044,Medium
Kabale,Northern,440487,17,145,84,597,4406,79,3474,4266,Low
Masaka,Eastern,864983,45,124,484,390,20145,55,3045,5926,Medium
Mbarara,Central,652326,43,139,526,916,23010,86,7453,2558,Medium
Kabale,Central,173800,70,112,188,795,22916,49,8111,3654,Medium
Kampala,Central,851710,76,151,341,368,46066,62,9838,4268,High
Kabale,Eastern,122103,16,74,505,733,44025,44,1094,6189,High
Arua,Eastern,348420,54,176,375,43,30757,62,2853,5204,High
Wakiso,Eastern,111818,32,78,152,776,16727,65,6505,7710,Medium
Lira,Central,224447,62,107,582,304,9473,92,7153,7277,Low
Masaka,Western,790710,58,96,409,1000,15622,49,1459,1643,Medium
Gulu,Northern,740504,34,8,516,871,39108,51,4404,2509,High
Kampala,Northern,489297,73,99,599,346,8724,84,8545,7984,Low
Kabale,Central,528825,76,105,427,428,26329,46,7989,5396,Medium
Mbale,Central,249868,13,,471,186,7704,61,9942,630,Low
Wakiso,Central,644315,24,142,123,991,24329,79,517,776,Medium
Mbarara,Eastern,205766,37,93,392,505,8550,47,8096,4017,Low
Lira,Eastern,377000,15,41,124,787,22954,87,4437,4120,Medium
Gulu,Central,265183,72,97,170,726,36097,98,543,6410,High
Masaka,Western,724147,16,183,287,550,24532,98,2836,3113,Medium
Mbarara,Western,520K,33,161,219,845,16188,92,6664,6261,Medium
Mbarara,Northern,592783,68,96,49,48,18811,70,4346,1786,Medium
Kabale,Western,518952,49,98,102,245,7194,54,7801,1811,Low
Jinja,Northern,556098,5,127,372,838,42648,45,2064,7652,High
Mbale,Northern,551253,27,116,360,108,47805,65,7688,3488,High
Wakiso,Northern,228261,21,12,174,624,30997,91,2494,5210,High
Kabale,Eastern,739195,49,44,581,581,9084,41,333,6748,Low
Wakiso,Northern,504882,29,59,48,277,14444,58,8311,2170,Medium
Kabale,Western,321963,74,112,154,82,48991,62,7606,5626,High
Kabale,Eastern,576017,21,141,175,556,33959,41,7311,6561,High
Gulu,Central,863735,24,49,164,504,41073,86,2071,4758,High
Kampala,Western,765476,71,140,588,514,7453,96,9279,665,Low
Mbarara,Northern,340368,10,30,539,483,37313,41,1138,3831,High
Jinja,Northern,776381,40,120,540,566,31828,72,4157,5927,High
Masaka,Western,636692,30,119,160,446,8470,65,7343,2788,Low
Wakiso,Northern,499145,14,59,330,822,8518,97,2630,7896,Low
Jinja,Northern,315402,22,124,244,784,6668,65,8083,1533,Low
Mbarara,Northern,790633,60,-8,433,367,28108,52,5942,2809,Medium
Wakiso,Western,70429,48,146,489,471,46581,41,6397,2915,High
Masaka,Western,587145,13,33,254,917,7366,45,4451,2427,Low
Kampala,Northern,333583,21,113,284,435,10288,74,8534,4874,Low
Lira,Western,143807,40,19,207,455,5245,57,375,5397,High
Wakiso,Western,137810,33,22,290,903,8474,69,289,2978,Low
Masaka,Eastern,330871,21,16,559,746,16126,100,1893,1522,High
Arua,Central,239945,30,84,332,563,13991,58,7402,4296,Medium
Gulu,Western,413856,7,69,57,35,1708,86,8384,4714,Low
Mbarara,Eastern,307613,62,32,462,692,32940,74,6540,4350,High
Arua,Northern,290717,48,55,163,434,23277,43,2226,316,Medium
Wakiso,Western,501664,25,19,106,701,25461,95,8389,5693,High
Arua,Northern,776333,42,16,490,209,10824,57,7404,229,High
Arua,Western,394904,75,87,270,55,20786,53,5942,1698,Medium
Kampala,Western,450164,15,126,305,534,43492,52,4166,4334,High
Kampala,Central,327000,16,41,429,620,3230,65,468,2654,Low
Arua,Northern,138586,79,140,178,693,47423,90,9874,3390,High
Jinja,Eastern,206723,41,190,168,64,47358,97,8504,5339,High
Mbale,Northern,599199,69,Twenty,36,866,45488,77,3867,897,High
Kampala,Central,189558,51,31,405,875,30082,75,931,5342,High
Kampala,Northern,563062,38,5,487,836,5094,87,8340,7555,High
Masaka,Central,741325,72,21,505,278,5379,94,4450,2123,Low
Mbarara,Northern,825766,63,131,411,98,31892,98,4807,6483,High
Kampala,Northern,131235,23,89,280,687,49207,84,5087,5288,High
Kabale,Northern,63074,66,20,517,295,44540,46,3666,5735,High
Lira,Western,793305,71,78,495,497,31062,89,2041,7520,High
Masaka,Northern,376814,15,126,37,316,30579,44,8400,,High
Arua,Eastern,270030,31,24,112,165,49487,73,4389,3145,High
Gulu,Western,168150,51,64,529,939,32359,65,506,1503,High
Kampala,Eastern,764696,62,108,329,764,9721,66,5735,3281,Low
Jinja,Central,397418,5,88,366,879,26600,47,3307,6041,Medium
Kampala,Western,315512,52,21,422,419,39112,44,6009,7781,High
Mbale,Western,100612,40,31,72,874,43883,58,2539,2242,High
Arua,Eastern,585783,45,53,402,823,28532,96,575,6851,Medium
Mbale,Northern,804526,15,17,440,481,40799,88,2370,5479,High
Arua,Eastern,101356,75,37,194,503,27688,61,4716,2639,Medium
Arua,Western,475941,35,82,514,590,44335,65,2061,1570,High
Gulu,Central,267970,69,132,583,245,30186,98,5553,6419,High
Lira,Eastern,196377,75,54,269,112,11948,61,9207,946,Low
Jinja,Northern,436196,38,150,226,928,1816,87,6863,3336,Low
Mbale,Northern,445172,39,91,83,530,18687,76,6000,1231,Medium
Masaka,Northern,147096,39,68,413,429,42822,68,7175,2756,High
Kampala,Northern,83809,59,186,504,621,32601,40,1298,3407,High
Masaka,Eastern,520758,36,32,249,178,10465,73,1884,7912,Low
Lira,Central,628290,10,5,148,258,37815,98,715,5487,High
Arua,Northern,706904,37,140,467,735,7848,46,1252,2660,Low
Masaka,Northern,456933,38,62,21,30,35724,59,7647,2482,High
Jinja,Northern,548392,72,65,580,272,2418,66,5136,UGX450,Low
Kampala,Northern,572516,58,25,283,253,44235,67,6165,2057,High
Lira,Central,779623,48,188,450,391,45232,65,3345,255,High
Arua,Central,265187,68,56,339,804,13209,54,7720,2014,Medium
Arua,Western,164303,68,161,211,937,15135,71,6932,7657,Medium
Kampala,Northern,462572,11,59,44,630,9800,66,949,6015,Low
Kampala,Northern,462427,62,187,341,770,7919,45,2813,2897,Low
Mbarara,Northern,734162,72,196,498,52,20935,82,6303,7074,Medium
Jinja,Western,513926,26,32,22,100,18837,45,5858,3642,Medium
Wakiso,Northern,448594,50,84,462,109,3728,85,7857,1803,Low
Jinja,Eastern,252402,46,98,505,51,41896,66,4163,6850,High
Mbale,Central,443811,9,123,84,842,4563,56,3293,6321,Low
Wakiso,Western,430606,39,90,64,288,49418,85,5285,7771,High
Arua,Western,53954,13,11,259,129,31641,85,7730,6559,High
Mbale,Western,500822,68,38,528,207,1070,91,5069,6940,Low
Gulu,Northern,393723,45,122,390,822,39540,45,8486,1816,High
Mbale,Northern,309320,57,21,54,513,36714,74,5437,1516,High
Mbale,Central,125670,38,164,106,233,6819,66,8267,6014,Low
Lira,Northern,295572,22,111,491,655,44678,55,8923,7138,High
Wakiso,Western,358052,40,150,294,401,17149,87,4365,1831,Medium
Lira,Northern,244758,36,65,177,308,38398,52,5446,730,High
Mbale,Western,307896,69,139,256,685,7089,81,7700,503,Low
Wakiso,Central,547824,34,119,402,61,19746,150,2053,612,Medium
Mbarara,Northern,128765,52,136,202,479,40020,56,203,1066,High
Kabale,Western,278217,9,99,368,164,3394,53,4276,513,Low
Kabale,Northern,61932,46,109,400,209,41198,59,1376,1866,High
Kampala,Eastern,624666,66,21,437,123,26406,82,9113,1466,Medium
Masaka,Central,734781,25,106,297,439,19066,82,5139,3622,Medium
Kampala,Western,831543,77,96,444,446,1693,95,6060,5479,Low
Mbarara,Eastern,813396,56,57,26,464,10760,67,1960,6920,Low
Wakiso,Eastern,655862,51,122,186,153,1472,43,9136,1367,Low
Mbale,Central,650691,52,193,536,195,10060,62,4741,1525,Low
Masaka,Northern,120356,18,103,522,791,13432,59,2175,7059,Medium
Kampala,Eastern,379804,11,160,417,108,47181,,2725,5445,High
Mbarara,Eastern,694590,30,126,207,598,14795,42,6649,7888,Medium
Masaka,Northern,452208,50,36,173,272,48005,92,3255,536,High
Masaka,Central,750340,46,35,419,633,30366,75,5117,5516,High
Mbale,Western,660926,36,113,418,694,24581,68,8350,3790,Medium
Gulu,Central,53678,67,124,260,477,41038,89,7608,7052,High
Gulu,Eastern,469789,18,22,151,387,28719,63,1602,6772,Medium
Lira,Central,92626,21,26,341,816,47711,72,1410,644,High
Masaka,Eastern,734453,22,11,87,648,48477,84,1895,1786,High
Gulu,Eastern,351865,26,180,246,87,23496,79,4232,1500,Medium
Jinja,Western,528573,23,70,534,961,31964,53,9797,2353,High
Kabale,Northern,384577,52,14,223,206,26941,50,4657,5767,High
Jinja,Eastern,226938,38,34,563,69,42201,94,5994,7351,High
Lira,Central,314274,73,166,423,775,24844,56,6256,3222,Medium
Kabale,Northern,427750,47,200,103,150 Beds,15576,51,891,2627,Medium
Masaka,Western,375134,79,174,340,770,617,87,653,2015,Low
Gulu,Western,695977,60,111,544,392,3631,48,8101,2061,Low
Kabale,Central,73372,11,5,600,383,20405,46,8670,3125,High
Masaka,Northern,483311,79,82,156,229,24501,79,7880,1499,Medium
Gulu,Central,890436,36,186,172,481,6778,44,2470,7337,Low
Arua,Eastern,327075,6,19,595,934,23459,78,9577,3835,High
Kabale,Eastern,310568,26,5,65,83,35334,41,6751,1720,High
Mbarara,Northern,111215,18,8,584,692,13427,49,6869,1834,High
Masaka,Eastern,692969,27,135,336,85,20178,80,894,7485,Medium
Lira,Central,443382,60,195,496,102,49111,81,7513,1636,High
Mbarara,Central,324125,34,169,59,146,22488,97,4413,6030,Medium
Kampala,Western,716753,75,178,466,722,34791,56,4943,5459,High
Mbarara,Central,582077,6,48,286,946,15973,93,3422,7938,Medium
Gulu,Western,251260,54,89,264,408,41833,98,8887,4046,High
Lira,Central,77804,60,190,259,604,20668,90,3572,3407,Medium
Kabale,Central,642659,26,42,53,47,7833,46,2751,3025,Low
Gulu,Central,82369,10,40,63,733,4945,87,864,738,Low
Kabale,Western,258993,73,175,87,920,47112,100,6388,1077,High
Mbarara,Northern,263029,19,13,55,992,49898,80,1533,6958,High
Arua,Eastern,154728,21,30,229,321,21415,61,7042,2339,Medium
Kampala,Western,319171,41,17,396,952,21525,89,9963,4326,High
Lira,Western,698309,8,110,51,466,34488,89,1710,3040,High
Lira,Central,614008,77,60,113,608,19316,50,7244,210,Medium
Masaka,Northern,352340,11,6,376,522,6771,71,3123,4251,High
Kabale,Western,590163,38,152,182,310,14571,100,3893,4282,Medium
Gulu,Central,717451,15,130,594,825,7352,80,5451,3113,Low
Wakiso,Eastern,463767,16,113,45,400,14008,59,4412,3706,Medium
Masaka,Northern,447730,34,122,149,564,39434,88,655,3054,High
Kabale,Western,597075,24,120,587,779,21690,50,7688,3794,Medium
Arua,Northern,182180,47,123,263,539,13054,57,5039,6382,Medium
Kabale,Northern,808472,24,68,354,637,34721,62,2736,2135,High
Jinja,Northern,321254,18,47,124,220,25681,49,2530,6711,Medium
Arua,Western,506049,40,55,131,673,7503,57,3482,7451,Low
Mbale,Eastern,85579,6,107,467,730,15078,72,4953,3995,Medium
Kampala,Northern,319707,56,6,268,949,28682,84,9504,5012,High
Mbale,Northern,750339,79,63,205,676,8640,69,7186,2764,Low
Arua,Central,489961,36,107,180,276,28259,70,7557,361,Medium
Kabale,Eastern,593426,28,172,355,816,1196,64,8125,7639,Low
Wakiso,Central,313426,74,60,184,753,13594,73,5805,1028,Medium
Kabale,Eastern,617316,31,188,507,544,1555,80,6160,4473,Low
Jinja,Eastern,828158,63,58,208,421,34171,88,2105,6172,High
Kabale,Western,718539,12,69,300,411,26693,43,318,815,Medium
Mbale,Eastern,709097,50,153,291,131,15208,59,6661,7899,Medium
Masaka,Northern,890420,55,123,237,188,8973,99,1228,6832,Low
Mbarara,Eastern,723394,76,189,251,854,10085,62,6871,4034,Low
Arua,Northern,867728,65,95,255,293,46650,64,4254,3690,High
Gulu,Eastern,52825,40,96,270,690,20280,60,7956,4172,Medium
Mbale,Central,741288,51,44,330,894,25738,43,1497,6982,Medium
Kabale,Western,872123,22,140,373,668,38671,40,288,1918,High
Wakiso,Western,312171,17,153,166,894,15811,51,7504,3038,Medium
Gulu,Northern,472035,73,47,112,704,36446,90,4966,1816,High
Lira,Northern,606579,15,194,469,707,8166,75,2040,2366,Low
Mbale,Northern,196106,65,131,590,79,32243,69,2466,5937,High
Lira,Northern,572375,26,143,26,184,21516,69,9317,4276,Medium
Arua,Eastern,443171,59,112,97,204,42249,63,567,368,High
Kabale,Central,765745,47,29,542,515,32263,88,2467,477,High
Mbarara,Eastern,705651,21,91,116,902,43689,63,5692,4087,High
Masaka,Northern,347953,60,92,452,277,36808,43,4837,2599,High
Jinja,Eastern,473341,47,133,298,913,33689,62,3434,5562,High
Lira,Central,396969,29,86,326,150,38933,80,1534,6624,High
Kampala,Eastern,807781,75,108,578,607,3757,65,5021,1088,Low
Kampala,Central,249167,65,160,81,827,33323,98,9007,5211,High
Mbale,Northern,707262,15,59,60,703,42023,69,2949,1030,High
Gulu,Central,492049,17,172,33,397,9589,90,5168,4804,Low
Arua,Western,243752,58,13,346,40,28724,76,9574,7850,High
Kampala,Eastern,645074,71,15,141,812,28095,76,6729,3857,High
Wakiso,Central,762992,54,157,179,506,27528,75,1771,879,Medium
Lira,Northern,209136,6,114,24,29,45310,82,2093,7232,High
Wakiso,Northern,177242,21,125,38,302,47643,76,4069,3892,High
Gulu,Central,433646,23,191,106,320,41697,75,8260,3973,High
Arua,Central,802049,9,7,82,35,43144,83,1405,3386,High
Arua,Western,814875,26,129,81,343,24588,100,9520,6161,Medium
Lira,Eastern,759759,26,42,139,391,42763,50,6947,4107,High
Mbale,Eastern,335192,77,90,319,306,4473,79,9928,2920,Low
Kabale,Central,208461,44,154,458,929,16629,64,6446,5810,Medium
Mbale,Northern,896705,62,77,21,349,17738,57,7022,1488,Medium
Kabale,Central,352536,23,151,170,300,36403,83,8291,3041,High
Masaka,Central,616211,75,129,410,225,49664,86,3934,2735,High
Kabale,Central,760580,55,124,231,968,17194,77,253,6685,Medium
Mbale,Eastern,616820,16,142,383,810,4604,54,6623,4948,Low
Masaka,Western,597208,46,127,538,623,13729,52,3584,1775,Medium
Wakiso,Northern,895010,42,97,597,387,26877,89,8574,7220,Medium
Gulu,Northern,96760,68,100,128,400,41967,69,1439,1479,High
Jinja,Central,411676,40,137,41,116,2700,53,9364,4183,Low
Kabale,Northern,324304,40,114,119,989,29785,89,9817,6907,Medium
Kabale,Northern,316333,9,91,225,205,25285,45,550,617,Medium
Kampala,Western,789844,63,129,85,903,39694,80,6610,7754,High
Wakiso,Central,319687,45,149,258,676,6384,98,8398,3420,Low
Gulu,Eastern,217487,52,65,247,196,3031,100,4292,7910,Low
Jinja,Central,629689,8,17,284,825,34141,85,8020,656,High
Wakiso,Northern,383114,5,55,325,623,39262,68,1827,4056,High
Jinja,Western,319495,54,36,403,512,25380,50,7331,2153,Medium
Gulu,Central,540626,29,14,180,969,14954,44,6212,7480,High
Gulu,Eastern,151698,54,10,96,483,22767,60,3931,4111,High
Wakiso,Western,199702,47,61,78,204,47274,68,9166,7485,High
Gulu,Eastern,206648,39,112,441,272,10703,41,4541,4877,Low
Arua,Western,893206,26,71,522,131,21344,69,8004,1135,Medium
Gulu,Central,711652,32,148,508,875,19258,47,4323,6383,Medium
Mbarara,Western,503047,38,66,263,119,26068,58,6909,7541,Medium
Gulu,Central,811762,42,41,36,472,33778,61,8468,1348,High
Lira,Central,877918,72,78,210,388,29024,42,6800,1988,Medium
Arua,Northern,194781,28,138,255,748,12009,52,9941,849,Medium
Wakiso,Eastern,848259,40,49,230,160,40636,82,3248,4975,High
Arua,Northern,60523,13,182,552,437,47794,98,1007,4447,High
Jinja,Western,345444,68,28,35,439,31735,48,4462,2234,High
Gulu,Western,88452,25,184,400,608,39487,94,176,3117,High
Masaka,Eastern,590672,14,35,385,751,16538,92,5358,6582,Medium
Mbale,Central,355703,18,192,526,477,34140,41,8791,6790,High
Masaka,Northern,71692,36,27,249,653,12453,50,1782,2755,Medium
Arua,Central,70396,17,183,219,287,1659,93,9920,5416,Low
Kabale,Eastern,598312,35,184,474,125,23483,95,1638,6074,Medium
Gulu,Central,336274,20,124,525,619,33317,88,4681,1101,High
Wakiso,Central,475355,22,143,252,901,15378,49,9485,3985,Medium
Mbale,Northern,69407,54,182,450,631,40004,73,693,3441,High
Kampala,Western,404993,56,66,363,752,29046,93,9347,6789,Medium
Jinja,Eastern,638335,11,88,549,170,45075,99,5890,2242,High
Mbale,Central,432134,18,140,211,90,21756,67,3389,4335,Medium
Kampala,Northern,196178,58,106,484,668,3564,91,759,481,Low
Kabale,Western,761394,39,165,575,845,2844,79,1746,2252,Low
Wakiso,Central,504758,35,15,314,135,20515,62,2835,1186,High
Kampala,Western,138577,64,156,566,974,10226,68,2130,4391,Low
Gulu,Western,476292,78,78,300,269,48729,45,9050,2552,High
Lira,Northern,731949,54,56,581,747,24539,69,9078,2687,Medium
Kabale,Eastern,541746,44,12,268,361,15021,52,8495,4672,High
Mbale,Eastern,62455,50,46,264,351,36980,60,8151,2411,High
Arua,Northern,359858,12,10,182,584,4877,78,5801,3804,High
Kampala,Eastern,511265,50,193,131,553,15256,83,2631,3614,Medium
Jinja,Western,197143,30,162,303,860,34432,46,7886,2401,High
Gulu,Eastern,158377,5,110,583,619,8197,71,6612,4885,Low
Gulu,Eastern,871754,40,164,133,408,30140,84,7602,2559,High
Jinja,Western,420098,55,139,588,629,25698,81,5375,255,Medium
Lira,Eastern,515600,43,52,569,331,10002,67,9527,3288,Low
Kabale,Northern,142201,47,87,268,353,13889,67,275,409,Medium
Kampala,Western,642376,68,81,569,812,20974,74,7262,4438,Medium
Masaka,Eastern,458438,64,96,61,628,44817,62,7523,7965,High
Kampala,Central,600762,34,30,439,403,33327,65,9296,7805,High
Kabale,Northern,247356,58,129,431,470,41434,97,9724,3012,High
Masaka,Central,229015,51,86,395,96,20857,72,2976,1105,Medium
Arua,Western,583599,58,166,180,556,19500,92,8482,1902,Medium
Masaka,Northern,482285,28,20,598,637,7487,62,9436,5371,Low
Kampala,Eastern,61255,5,83,586,24,20452,65,1713,5002,Medium
Kampala,Central,256202,27,132,586,600,17933,95,8807,4413,Medium
Gulu,Northern,481070,20,42,180,550,33889,46,575,1020,High
Wakiso,Northern,597875,67,124,460,845,4570,81,304,5807,Low
Kabale,Western,200918,35,95,302,193,2655,57,1729,7239,Low
Kabale,Central,415841,29,120,414,40,4083,54,6587,4973,Low
Kampala,Eastern,107235,35,68,248,65,10946,99,9717,7201,Low
Gulu,Western,56462,63,82,448,637,17012,96,8219,7980,Medium
Wakiso,Northern,760181,54,177,246,443,20760,65,8036,383,Medium
Mbarara,Central,231893,26,96,408,211,1000,96,4862,3444,Low
Masaka,Western,170467,47,141,414,363,26923,81,1172,1209,Medium
Mbale,Western,630744,36,104,215,498,19085,62,3985,3768,Medium
Kampala,Western,746542,8,92,179,267,46759,48,1617,1808,High
Arua,Northern,631934,61,124,265,183,24611,62,3646,6118,Medium
Mbale,Eastern,709914,79,58,324,993,31692,72,3449,2061,High
Lira,Northern,790790,38,157,470,621,24616,74,4134,3510,Medium
Kabale,Northern,181613,20,178,545,113,36059,94,4530,6228,High
Mbale,Central,739461,77,42,338,35,26054,85,1509,5890,Medium
Gulu,Northern,386631,29,174,131,89,37330,98,6022,6796,High
Masaka,Western,252190,13,188,338,110,15338,58,2166,6891,Medium
Mbale,Western,423186,56,123,155,979,18622,51,584,3203,Medium
Jinja,Eastern,76490,64,68,430,380,41710,46,3076,2587,High
Wakiso,Western,688495,33,187,61,434,3121,78,2754,3728,Low
Mbarara,Western,213776,53,194,60,585,20876,80,3043,4824,Medium
Mbarara,Eastern,801445,71,70,465,706,45348,76,5818,7865,High
Kampala,Central,850801,41,15,68,270,45134,47,708,6683,High
Jinja,Northern,864869,49,196,108,447,46026,87,6549,6324,High
Kabale,Northern,344823,72,28,377,989,28285,68,5675,5865,Medium
Masaka,Eastern,583366,11,178,230,458,44613,72,2191,4210,High
Mbarara,Central,786876,76,71,198,579,11227,89,3966,4655,Low
Arua,Northern,112267,26,96,375,441,6564,52,5188,1323,Low
Gulu,Eastern,752896,66,65,267,26,34276,84,7391,1290,High
Jinja,Western,189879,23,155,596,266,22360,80,2032,4691,Medium
Mbale,Northern,759912,24,158,492,879,27114,93,3480,1137,Medium
Arua,Central,427991,67,57,64,81,18907,59,3329,1105,Medium
Arua,Eastern,168476,25,88,475,499,37802,63,4843,1577,High
Masaka,Central,97794,6,124,517,105,49474,85,5534,6253,High
Kabale,Western,164087,67,116,520,214,36090,60,236,3143,High
Wakiso,Western,708237,37,172,271,100,9586,87,553,407,Low
Mbale,Northern,360709,52,52,558,886,45200,50,1774,6627,High
Arua,Western,447804,28,170,384,347,15588,63,2333,4714,Medium
Jinja,Western,301007,12,15,129,600,41670,98,6706,7615,High
Kampala,Northern,568394,59,132,181,326,39993,77,1414,1362,High
Mbarara,Northern,195018,61,168,431,111,3117,94,7300,4127,Low
Mbarara,Northern,808068,52,5,52,881,40525,94,8476,3685,High
Gulu,Western,125491,12,136,451,931,22694,44,7287,272,Medium
Gulu,Northern,447224,42,6,473,843,37421,83,5803,4849,High
Mbarara,Eastern,139172,74,87,549,491,28573,74,2629,3487,Medium
Kabale,Central,899026,12,190,359,643,43651,59,9357,4878,High
Mbale,Western,554084,22,81,371,563,42033,41,3194,2022,High
Lira,Central,204054,79,100,588,614,27787,63,8783,2168,Medium
Kabale,Eastern,465595,38,34,252,204,13792,75,1939,2012,Medium
Arua,Central,246650,72,176,277,746,32565,54,9177,3953,High
Mbarara,Central,821318,70,155,600,102,27240,83,1303,6756,Medium
Lira,Northern,577570,75,134,137,661,47790,72,1772,3968,High
Mbale,Northern,250954,77,126,115,160,24968,89,1042,3512,Medium
Mbarara,Central,440434,10,8,238,490,20156,47,2321,3689,High
Wakiso,Northern,640305,19,191,383,192,24550,87,5693,6787,Medium
Kampala,Western,178683,35,100,545,774,34887,100,5948,6112,High
Lira,Central,683124,50,30,384,582,21954,91,9980,1125,Medium
Kampala,Northern,316969,50,54,477,41,38600,68,1960,6681,High
Kampala,Eastern,165780,14,71,209,173,36823,99,4851,7357,High
Mbale,Northern,666893,37,142,295,991,29603,40,505,3004,Medium
Gulu,Eastern,576149,66,13,56,96,12446,79,9929,3415,High
Lira,Northern,776578,62,105,254,913,40532,73,1343,3156,High
Jinja,Northern,376376,21,155,64,236,11623,92,6014,6157,Low
Lira,Western,655072,64,104,382,341,892,61,9588,4160,Low
Jinja,Northern,71508,36,122,66,666,10057,86,2453,2433,Low
Mbale,Western,116566,69,72,385,602,38086,73,9675,1339,High
Kampala,Central,258922,59,167,121,391,18953,90,4000,7350,Medium
Gulu,Central,368762,48,194,391,541,42129,55,5841,7350,High
Masaka,Eastern,400672,12,185,365,707,21681,96,7988,4326,Medium
Jinja,Northern,898526,35,94,174,158,13958,40,7524,3517,Medium
Lira,Eastern,646353,43,48,87,167,20258,86,5154,2265,Medium
Kabale,Western,127070,29,154,101,618,12214,59,9610,3095,Medium
Lira,Western,862057,59,189,89,878,32253,60,2971,2459,High
Arua,Central,845336,26,165,294,262,46663,41,3676,590,High
Mbale,Eastern,260079,41,133,121,221,16342,86,1030,1256,Medium
Kabale,Central,133160,14,152,369,756,9456,40,3183,2417,Low
Masaka,Central,720975,46,12,237,349,21913,95,543,5516,High
Lira,Eastern,689407,48,49,78,904,27649,90,844,914,Medium
Kabale,Western,863653,68,158,429,283,30867,95,322,410,High
Jinja,Western,108738,58,162,357,180,6624,41,2659,1924,Low
Gulu,Central,425227,51,113,372,571,45074,77,9193,1456,High
Kabale,Western,291175,38,187,509,801,2573,89,5166,5538,Low
Masaka,Eastern,636468,40,97,555,562,18452,48,4243,274,Medium
Masaka,Eastern,154638,51,43,253,430,6392,99,557,5316,Low
Gulu,Central,113088,74,133,229,588,12415,56,6090,6242,Medium
Gulu,Northern,823583,25,140,49,379,47006,55,7334,7243,High
Lira,Northern,717026,49,104,491,237,21722,90,533,1083,Medium
Kampala,Central,895940,56,177,379,81,15449,76,6260,3558,Medium
Mbale,Northern,82198,37,10,288,746,28929,55,3890,3102,High
Mbarara,Western,846044,59,169,305,325,33176,53,9431,6678,High
Gulu,Eastern,856566,39,197,159,862,20166,58,1548,2915,Medium
Kampala,Eastern,311863,25,86,483,237,38460,43,3537,7174,High
Jinja,Central,867695,61,51,465,904,9661,99,4975,5812,Low
Kampala,Central,209307,6,39,329,174,33440,87,5861,999,High
Gulu,Eastern,765935,55,28,444,367,42584,98,6599,7424,High
Jinja,Central,663704,35,56,35,58,9336,72,9851,2097,Low
Kabale,Eastern,782350,18,191,40,69,21241,44,1907,1186,Medium
Lira,Northern,600938,59,5,203,249,45417,74,2523,5387,High
Masaka,Central,605673,50,132,99,377,14599,94,3769,6191,Medium
Wakiso,Western,787759,27,8,290,295,5016,42,3318,4367,High
Kampala,Eastern,877870,76,97,293,30,21845,84,778,5550,Medium
Lira,Western,625469,47,181,440,915,49341,85,4500,3470,High
Mbale,Western,616227,58,103,174,416,25758,96,6816,6784,Medium
Gulu,Central,300705,69,70,406,266,13503,82,2003,911,Medium
Kabale,Central,801211,11,108,591,352,45382,81,7348,4696,High
Jinja,Eastern,655769,5,126,501,542,22936,77,9048,3312,Medium
Mbarara,Eastern,422457,13,105,558,292,40661,82,5377,789,High
Masaka,Northern,692271,38,72,504,898,47788,62,8653,5029,High
Lira,Northern,198991,13,198,561,392,34836,53,8742,1585,High
Jinja,Northern,756407,27,44,491,201,42477,100,808,2837,High
Mbale,Western,498855,20,109,177,739,16981,64,1784,3188,Medium
Jinja,Western,524800,16,75,425,317,29742,84,1931,3880,Medium
Lira,Northern,845662,71,43,26,716,9053,63,8108,4465,Low
Mbarara,Western,598810,48,102,278,38,36951,52,113,4873,High
Arua,Central,669279,27,83,577,301,21734,56,4062,2374,Medium
Lira,Central,600687,68,27,226,151,28231,90,4858,5261,Medium
Jinja,Central,802252,61,101,395,62,47196,88,4937,3541,High
Mbale,Western,419468,35,103,152,967,41037,52,9606,3250,High
Wakiso,Northern,395453,14,25,476,408,26272,73,6894,4268,Medium
Kampala,Central,671571,77,123,493,737,29081,66,7859,1643,Medium
Wakiso,Eastern,466929,67,39,544,790,1123,82,3907,6265,Low
Mbarara,Eastern,617977,10,179,321,587,22136,89,6448,6506,Medium
Lira,Central,144426,33,24,35,124,33067,45,3632,4823,High
Lira,Central,764061,30,187,363,514,4089,75,6947,7110,Low
Kabale,Northern,476717,11,165,169,348,22411,52,8590,249,Medium
Gulu,Western,595270,38,27,340,412,17213,82,4995,4752,Medium
Mbale,Eastern,764146,11,83,331,274,25418,91,7245,7217,Medium
Masaka,Western,369781,30,38,73,232,35682,81,6224,7838,High
Lira,Eastern,794357,79,41,394,972,22897,52,7578,7731,Medium
Masaka,Central,814684,45,7,565,89,27299,100,9355,6945,High
Jinja,Central,336845,33,117,318,225,47067,53,9800,5203,High
Lira,Eastern,813161,61,57,228,79,12305,67,2139,601,Medium
Gulu,Central,675249,68,51,34,964,47769,75,2789,4281,High
Mbarara,Western,890883,32,141,182,169,47378,53,8557,1026,High
Lira,Central,261421,16,17,444,249,43680,93,4320,5985,High
Lira,Eastern,212358,12,183,156,62,10995,93,7412,2605,Low
Mbarara,Western,791282,76,189,177,336,17410,60,9090,7091,Medium
Mbarara,Northern,888202,34,105,53,355,25402,49,4868,2029,Medium
Masaka,Central,257781,64,43,208,460,22335,83,6676,1136,Medium
Kampala,Western,178059,31,172,556,558,5279,58,8126,3050,Low
Kampala,Eastern,147508,30,129,306,904,20354,78,9666,4629,Medium
Wakiso,Northern,196494,65,74,252,612,20151,42,9604,5105,Medium
Wakiso,Central,411023,29,43,327,71,11770,61,5838,3883,Low
Lira,Northern,395563,51,50,132,826,20044,91,1237,6128,Medium
Masaka,Eastern,150315,75,33,185,629,26272,69,688,476,Medium
Kampala,Central,483071,21,111,381,98,25057,86,2785,3144,Medium
Gulu,Central,397740,5,170,511,330,10267,56,1640,1072,Low
Mbarara,Central,210511,68,74,568,574,8205,60,7764,2214,Low
Gulu,Central,581400,37,98,222,310,26958,75,3433,1241,Medium
Mbarara,Northern,149608,6,32,74,520,46467,76,3555,5843,High
Mbarara,Central,836476,26,44,290,51,28287,65,8588,1097,Medium
Arua,Central,138422,79,60,259,269,39513,89,8504,6022,High
Kampala,Northern,126601,48,30,62,240,41017,89,2962,6873,High
Arua,Western,138083,64,156,207,31,21306,100,6849,6643,Medium
Mbale,Central,142325,36,42,543,715,11453,49,5741,6509,Low
Gulu,Northern,257828,33,180,359,745,4883,40,7959,509,Low
Lira,Western,122391,13,55,71,886,24460,90,6839,956,Medium
Jinja,Northern,892367,68,177,528,158,17493,93,5063,7611,Medium
Kampala,Eastern,876797,80,47,465,415,42427,90,8504,2649,High
Kabale,Central,121336,37,197,257,265,13477,77,7602,4800,Medium
Mbarara,Eastern,652935,11,105,424,832,41575,83,5713,6964,High
Mbale,Eastern,141329,34,172,367,699,39485,97,7089,6695,High
Arua,Central,365065,67,159,36,993,7748,96,7888,3629,Low
Mbale,Western,529706,23,90,578,238,5945,62,6553,7118,Low
Lira,Central,356322,47,27,297,211,46452,96,7342,3537,High
Masaka,Northern,176574,32,179,62,404,12565,64,4547,2925,Medium
Gulu,Western,225548,33,94,423,335,33246,60,8402,6677,High
Kabale,Northern,220093,55,139,29,20,11991,46,4128,3923,Low
Kabale,Western,822366,50,178,123,585,48640,95,8519,5656,High
Mbale,Northern,839921,37,175,446,97,34203,79,5525,3838,High
Arua,Western,429397,44,174,404,980,34721,91,1077,7631,High
Lira,Eastern,431390,7,19,141,590,25218,68,5197,6352,High
Masaka,Northern,814266,63,13,353,514,9477,40,4547,1383,High
Mbarara,Central,461271,27,196,307,662,16342,58,9017,411,Medium
Mbale,Eastern,730314,15,178,409,524,47010,63,4646,2855,High
Gulu,Eastern,100671,73,93,163,225,34316,91,1110,1528,High
Arua,Northern,764507,44,18,324,412,24100,84,3166,2431,High
Arua,Eastern,256937,46,117,432,131,45166,56,6027,3427,High
Jinja,Eastern,881805,65,73,135,228,41311,68,8312,7057,High
Mbale,Northern,866469,45,16,175,305,35606,70,9254,7147,High
Mbale,Central,338766,55,97,425,562,19398,94,2084,2327,Medium
Lira,Central,93337,73,183,600,332,23677,78,5995,2375,Medium
Mbarara,Central,625190,17,197,442,874,47147,47,5129,1559,High
Gulu,Central,862237,56,105,369,429,26227,71,5618,3064,Medium
Gulu,Northern,607624,71,110,315,156,14462,61,1180,7773,Medium
Mbale,Central,576526,5,151,261,611,28847,65,3605,4899,Medium
Arua,Northern,208498,33,176,264,532,8688,97,4730,7563,Low
Kampala,Eastern,351450,21,170,413,647,18527,85,1202,6520,Medium
Kabale,Western,687198,32,62,336,116,24076,83,9422,7477,Medium
Wakiso,Western,74448,71,23,144,878,21808,53,156,3949,Medium
Gulu,Eastern,338422,69,20,476,624,36866,78,628,524,High
Masaka,Eastern,165915,66,62,321,664,22788,61,8794,4856,Medium
Mbarara,Northern,633638,31,77,569,750,2498,54,2935,432,Low
Masaka,Western,494503,52,21,300,761,6366,77,1941,3477,Low
Mbale,Eastern,287273,12,100,564,357,43611,56,1269,5457,High
Lira,Northern,502280,63,179,485,215,22892,79,3211,1116,Medium
Mbale,Northern,346307,29,24,548,36,29245,89,3339,6673,Medium
Mbarara,Western,260945,76,198,323,785,2001,98,358,713,Low
Jinja,Northern,488215,6,169,570,290,37052,62,2781,4831,High
Jinja,Western,370599,18,16,199,727,23782,66,581,6790,High
Lira,Central,409596,18,44,392,816,31384,71,1455,7668,High
Jinja,Western,549376,21,32,560,596,16965,72,6471,1914,Medium
Jinja,Western,738212,7,54,304,988,34512,67,6393,1518,High
Mbale,Northern,195036,6,33,239,765,38861,74,6308,426,High
Kampala,Central,536237,10,57,567,955,5151,94,5398,2972,Low
Kabale,Eastern,558064,31,6,269,229,23738,64,1804,1003,High
Kabale,Northern,259615,61,121,470,799,4927,76,980,7259,Low
Lira,Northern,469656,35,188,500,728,31414,78,2422,1169,High
Lira,Eastern,115789,35,63,25,421,37598,90,3772,5392,High
Kampala,Northern,148353,30,5,58,497,3690,65,4039,7910,High
Mbarara,Central,633203,78,110,289,62,10554,69,398,4122,Low
Wakiso,Central,246018,23,140,186,650,34062,60,1833,4376,High
Mbale,Central,125642,8,147,107,534,37306,79,9841,6686,High
Masaka,Central,790221,11,174,578,649,19568,69,6603,5694,Medium
Kampala,Northern,75241,28,134,488,233,8505,85,3493,5702,Low
Mbale,Central,692441,16,144,552,380,44910,46,1539,6181,High
Mbarara,Central,144144,52,75,329,336,19880,49,8195,5167,Medium
Kabale,Western,856134,29,6,100,96,3354,47,9910,1952,High
Masaka,Eastern,527755,57,161,235,958,48517,88,1407,7678,High
Kampala,Central,801483,8,176,158,890,28731,91,998,1673,Medium
Kabale,Western,513196,37,185,157,278,20195,94,5809,432,Medium
Jinja,Eastern,149318,25,118,186,989,43361,81,7854,6445,High
Kabale,Western,337515,36,8,442,570,1871,61,3881,4656,High
Jinja,Western,51814,35,92,101,564,11071,46,679,6962,Low
Jinja,Eastern,707433,48,98,85,570,8486,69,2739,1932,Low
Masaka,Central,731511,73,67,437,973,34501,84,1568,5506,High
Mbarara,Northern,351349,6,187,286,461,47411,47,2988,5202,High
Lira,Northern,774186,41,197,420,274,22896,56,553,951,Medium
Mbarara,Western,698315,80,41,91,632,4951,84,6508,2689,Low
Wakiso,Central,815039,13,142,34,95,24191,44,2430,4765,Medium
Wakiso,Eastern,729896,70,181,300,962,29993,51,1739,2288,Medium
Arua,Eastern,478807,27,118,117,901,30687,61,5386,7018,High
Mbarara,Central,456829,33,32,233,842,23486,82,5597,2474,Medium
Kabale,Central,249175,14,27,181,821,43704,82,9717,2755,High
Arua,Northern,97873,23,128,119,876,4251,64,4260,5543,Low
Wakiso,Northern,115068,13,80,35,294,9024,99,5922,3178,Low
Masaka,Northern,195080,52,193,277,399,24501,50,8669,5632,Medium
Wakiso,Northern,884630,26,78,409,974,2471,54,3277,7463,Low
Mbarara,Eastern,433096,35,169,503,289,994,43,1731,5636,Low
Mbale,Western,296219,41,12,503,468,32444,47,1900,3967,High
Masaka,Eastern,148286,56,35,516,511,11891,98,3880,3688,Low
Lira,Central,174057,29,22,292,389,29592,70,4017,7872,Medium
Jinja,Central,124990,70,61,515,782,14647,76,6263,1101,Medium
Kampala,Eastern,600334,12,66,554,194,33955,95,5281,1939,High
Wakiso,Central,550537,38,124,491,823,48428,48,1319,6808,High
Lira,Western,152688,31,76,389,89,8345,85,7881,4145,Low
Arua,Northern,584287,6,165,547,944,2103,81,7805,5827,Low
Kampala,Northern,860091,68,175,162,686,24387,49,6446,6783,Medium
Jinja,Central,435589,28,184,252,36,39687,69,1442,3881,High
Mbarara,Central,349023,61,40,216,331,49581,60,9656,1833,High
Wakiso,Eastern,76241,26,8,388,991,32233,54,1178,4108,High
Jinja,Eastern,755263,32,164,241,217,31330,52,5177,6625,High
Lira,Western,287274,46,13,436,201,22989,66,476,4857,High
Jinja,Northern,300015,5,44,284,641,30263,70,9305,4688,High
Mbale,Northern,323755,35,148,143,300,27764,49,2345,4477,Medium
Gulu,Western,839872,12,47,259,452,11477,45,9694,6912,Low
Lira,Eastern,315475,77,174,248,900,10380,87,4506,7916,Low
Mbale,Central,104096,60,31,37,945,19481,44,4834,6372,Medium
Gulu,Northern,490492,14,140,405,889,20178,91,8501,4976,Medium
Wakiso,Eastern,305585,68,173,563,620,45052,91,6154,7562,High
Masaka,Northern,507171,14,156,279,604,25534,51,4288,5471,Medium
Mbarara,Eastern,434059,72,70,95,737,49080,43,7828,1939,High
Jinja,Central,516508,65,92,204,496,21751,90,3915,3727,Medium
Wakiso,Northern,618897,57,107,157,941,49471,54,6175,6223,High
Jinja,Eastern,745558,68,98,150,247,42429,53,4458,1126,High
Kampala,Northern,475868,58,170,99,500,38665,69,5540,4926,High
Masaka,Western,411867,60,85,199,850,32068,84,388,5741,High
Gulu,Eastern,437665,19,166,319,875,36560,81,3442,5398,High
Mbarara,Northern,437149,43,171,281,187,4742,78,7553,7160,Low
Kabale,Central,257950,6,157,567,442,48054,75,4563,438,High
Wakiso,Central,231631,15,183,274,24,11876,54,2959,2371,Low
Mbarara,Central,75104,19,26,110,223,10239,70,5594,800,Low
Masaka,Western,385711,42,111,510,915,17442,61,1000,7795,Medium
Wakiso,Western,220351,38,28,84,659,3929,84,4408,1279,Low
Jinja,Western,576133,67,41,212,639,37224,91,939,6354,High
Gulu,Eastern,453947,42,188,37,254,20906,91,1282,6769,Medium
Lira,Central,118825,80,43,215,832,46883,68,7774,6682,High
Mbarara,Central,745682,65,149,465,161,1361,52,9643,1967,Low
Wakiso,Eastern,302625,38,133,453,554,35440,61,1035,453,High
Mbarara,Central,281713,70,79,236,675,47546,84,7542,5235,High
Mbarara,Northern,264578,44,174,287,154,10811,43,3807,3992,Low
Jinja,Western,465779,45,138,333,76,40425,60,1560,2604,High
Kampala,Western,588697,35,43,199,974,41750,96,4116,3982,High
Kampala,Northern,386152,20,134,553,910,24278,83,7906,4535,Medium
Arua,Central,161375,13,164,416,467,32188,44,4238,6782,High
Masaka,Northern,521467,45,127,448,808,46713,63,8865,3860,High
Jinja,Central,160046,63,27,305,156,2949,94,9234,1256,Low
Wakiso,Eastern,767288,9,81,90,892,49696,82,5683,3782,High
Masaka,Central,201863,55,183,116,753,48734,43,622,2559,High
Gulu,Central,784168,14,85,187,858,35355,78,6757,1585,High
Mbarara,Northern,455666,59,186,366,391,8578,97,4078,3952,Low
Masaka,Central,146139,38,194,415,504,15342,51,9996,6842,Medium
Arua,Eastern,462301,30,192,152,786,13191,98,8145,1076,Medium
Masaka,Western,891127,36,12,281,545,31250,92,2533,7200,High
Kabale,Western,378668,27,191,369,719,12789,82,6955,661,Medium
Kampala,Northern,652818,49,7,280,641,3079,97,714,7998,High
Jinja,Northern,383226,39,98,328,403,40990,62,6562,3298,High
Arua,Central,288176,6,178,440,794,42168,89,9389,6389,High
Mbarara,Central,813428,26,198,174,852,20605,56,8366,5573,Medium
Jinja,Eastern,508220,44,39,265,572,47243,61,998,3028,High
Gulu,Western,862003,22,195,575,688,3645,90,9074,3933,Low
Jinja,Eastern,870939,64,196,239,766,22811,63,4185,724,Medium
Wakiso,Central,393026,8,11,252,398,5130,79,1208,4278,High
Kampala,Northern,534513,56,84,508,996,25279,59,9548,4054,Medium
Jinja,Western,819377,44,194,380,607,7439,78,9725,6992,Low
Masaka,Central,557537,62,111,32,921,44116,54,3506,1907,High
Jinja,Western,740793,20,172,55,492,39223,76,7183,393,High
Gulu,Eastern,146820,28,139,317,860,34263,90,5942,1031,High
Mbarara,Central,279646,51,193,463,181,25442,80,1361,7816,Medium
Mbale,Northern,393157,43,89,547,769,12743,71,9059,6361,Medium
Masaka,Central,750913,23,159,407,871,37272,97,2788,1701,High
Kampala,Central,646745,51,18,76,232,33589,41,8331,7172,High
Mbarara,Eastern,211941,76,59,167,176,41857,68,598,3672,High
Gulu,Western,683501,40,64,450,241,34134,80,7772,643,High
Wakiso,Central,891676,48,188,189,786,16035,74,4288,2101,Medium
Masaka,Northern,293433,27,56,132,787,30800,85,9834,6021,High
Mbarara,Western,495026,70,18,520,986,613,68,1514,7315,High
Wakiso,Eastern,199010,45,122,195,674,14685,74,5605,3544,Medium
Mbarara,Northern,288736,25,109,385,653,29072,59,5179,1526,Medium
Mbarara,Eastern,139112,23,54,343,147,33566,58,3108,3621,High
Lira,Eastern,856039,80,129,504,987,18659,70,8595,1821,Medium
Lira,Northern,574470,26,64,95,380,46463,64,1240,3504,High
Wakiso,Western,819708,59,90,380,741,45765,93,6521,5487,High
Gulu,Eastern,650385,75,6,62,889,48240,70,5907,4368,High
Mbale,Eastern,699858,43,45,587,688,43933,87,164,7976,High
Gulu,Western,760779,56,88,244,368,10750,75,9142,3497,Low
Gulu,Western,171024,22,11,350,845,31932,68,8221,2450,High
Jinja,Central,416833,75,141,352,674,31755,47,5549,2285,High
Mbale,Western,67571,52,104,88,391,41678,74,296,2459,High
Jinja,Western,569080,25,181,406,42,5462,52,3535,687,Low
Gulu,Northern,376237,34,61,78,467,17790,47,1854,7957,Medium
Gulu,Central,860440,24,116,217,60,49524,71,6420,3658,High
Wakiso,Northern,675991,21,82,59,106,4166,50,2135,519,Low
Kampala,Western,792692,26,33,494,185,7519,51,3335,5191,Low
Jinja,Northern,428159,20,116,353,420,27305,56,7409,2105,Medium
Lira,Central,755996,27,47,204,934,10477,90,5851,5328,Low
Kampala,Eastern,605968,9,117,580,829,38228,40,7498,3796,High
Kampala,Western,742261,55,135,171,900,3653,98,9288,4431,Low
Gulu,Eastern,233548,54,45,24,532,46487,72,191,7117,High
Jinja,Eastern,789842,29,150,409,765,43930,66,5568,4128,High
Kabale,Northern,381712,53,53,295,945,14325,90,170,4950,Medium
Jinja,Western,723697,76,72,364,182,38092,94,9046,4203,High
Arua,Central,565941,10,43,458,799,5914,76,6888,7631,Low
Arua,Eastern,789261,5,27,156,125,25170,57,1962,5165,Medium
Mbale,Eastern,811660,37,25,479,684,24640,46,684,4245,Medium
Arua,Northern,118198,38,76,399,230,33786,100,8305,4517,High
Mbale,Western,528377,45,107,504,141,3536,87,2473,6846,Low
Arua,Central,681159,74,193,154,380,42237,94,6268,7227,High
Mbarara,Western,580980,9,118,509,46,6194,45,663,1964,Low
Lira,Eastern,803607,15,191,317,371,40395,51,2338,5485,High
Wakiso,Northern,574441,38,91,188,187,15122,70,3767,2249,Medium
Arua,Central,281898,25,161,329,809,4634,80,6377,4565,Low
Kabale,Eastern,272551,17,111,500,844,20996,83,1090,6300,Medium
Mbale,Northern,734282,64,128,562,220,17460,50,8630,5802,Medium
Wakiso,Western,474823,26,40,501,500,32819,99,4488,4813,High
Jinja,Central,630947,68,200,356,186,22966,96,1662,3212,Medium
Mbale,Central,197155,68,154,309,358,25733,76,9069,1659,Medium
Jinja,Central,383278,31,122,146,999,19127,69,6153,4812,Medium
Jinja,Eastern,714817,30,144,199,388,12842,78,3219,2659,Medium
Arua,Northern,793748,80,21,450,30,14238,75,1261,1885,Medium
Masaka,Central,839794,35,176,133,720,19288,99,1750,1782,Medium
Kabale,Central,329515,11,114,109,307,21012,97,9413,5878,Medium
Kampala,Eastern,417030,80,141,205,33,38058,52,3036,7623,High
Mbarara,Central,270799,20,73,547,999,21700,83,6393,3518,Medium
Kampala,Central,675539,59,33,296,546,10194,67,6067,7333,Low
Kampala,Central,107093,59,164,564,689,25744,50,6191,6147,Medium
Jinja,Northern,426438,52,70,576,165,11154,50,2584,1423,Low
Wakiso,Central,217809,44,133,600,608,6795,75,8235,3580,Low
Lira,Central,812787,12,65,452,163,16015,99,194,2181,Medium
Jinja,Northern,861178,16,127,416,459,22488,70,781,2021,Medium
Kampala,Eastern,577529,35,14,205,222,5054,56,1446,6540,High
Jinja,Central,405276,15,113,335,95,34065,89,7422,2201,High
Gulu,Northern,370176,60,88,128,743,34155,67,2819,5009,High
Kampala,Eastern,178369,25,165,79,311,33719,42,5594,591,High
Wakiso,Northern,585444,56,48,254,705,14228,67,4342,5616,Medium
Lira,Central,301831,64,5,248,697,26607,46,3350,3541,High
Wakiso,Western,432024,47,68,292,697,44452,61,3746,510,High
Mbale,Eastern,771867,60,22,179,106,5117,43,8996,1772,Low
Arua,Central,451012,69,179,520,279,13215,46,8220,4809,Medium
Lira,Western,116545,80,126,149,164,4898,70,7265,1240,Low
Kampala,Northern,656225,10,188,96,135,21605,55,980,2010,Medium
Kabale,Western,414877,26,183,395,436,47175,92,4637,1525,High
Lira,Eastern,238377,5,38,113,576,48086,67,3953,5416,High
Gulu,Western,801664,19,34,409,114,44507,54,159,1453,High
Kampala,Western,138298,44,156,345,887,49582,90,9259,7286,High
Kabale,Eastern,725390,77,141,221,338,34496,53,8012,6159,High
Jinja,Northern,441853,50,135,592,622,15084,79,4645,5602,Medium
Masaka,Northern,578366,7,112,460,700,39677,51,814,4556,High
Arua,Western,174677,62,100,549,507,16816,85,8469,4644,Medium
Mbale,Western,357309,56,186,52,858,17329,70,5353,6189,Medium
Mbarara,Eastern,425333,44,121,388,108,49960,63,3497,6966,High
Mbarara,Eastern,736388,37,167,395,730,1598,57,9085,698,Low
Jinja,Western,479527,9,116,557,931,44422,95,5105,6789,High
Mbarara,Western,403280,65,32,210,519,7190,63,3328,2410,Low
Lira,Central,796648,21,91,450,908,29286,58,7001,1472,Medium
Jinja,Northern,722542,28,187,181,380,18911,43,4120,2915,Medium
Kampala,Northern,106516,59,113,216,175,25052,72,2055,1112,Medium
Arua,Eastern,585309,55,157,281,40,26187,64,3144,3307,Medium
Kampala,Western,169610,46,90,149,715,2798,79,3187,1894,Low
Kampala,Northern,358064,17,56,266,258,31386,77,9515,7425,High
Jinja,Central,88164,78,88,548,679,39949,45,8456,3970,High
Wakiso,Northern,273147,61,84,446,957,24303,40,3839,1150,Medium
Jinja,Eastern,302055,59,67,361,621,16265,64,721,4457,Medium
Masaka,Western,332256,65,187,510,499,1392,43,6331,3984,Low
Mbarara,Northern,865713,65,145,416,183,7355,56,7315,7890,Low
Wakiso,Western,534290,32,182,22,89,6627,97,1590,1705,Low
Jinja,Central,503602,57,134,486,316,46504,62,8555,3218,High
Gulu,Central,585403,72,131,136,400,19521,95,8964,1916,Medium
Mbarara,Eastern,425153,47,159,592,596,18454,58,1483,5263,Medium
Jinja,Central,433817,73,169,355,160,22024,83,1966,2973,Medium
Gulu,Eastern,73765,51,61,431,23,11115,82,3339,5645,Low
Masaka,Eastern,428231,56,71,258,196,46669,69,2796,7015,High
Jinja,Central,80156,53,61,348,718,26811,83,791,4271,Medium
Masaka,Eastern,889758,30,143,197,89,42786,51,3151,2319,High
Masaka,Northern,786244,26,173,541,910,21077,58,9121,4576,Medium
Gulu,Eastern,818305,19,39,300,336,20227,83,3395,4674,Medium
Kabale,Northern,754506,61,195,347,600,8775,88,6064,4243,Low
Lira,Northern,112276,18,25,53,626,45647,72,2518,2391,High
Wakiso,Northern,596008,7,9,255,470,6197,93,7537,4564,High
Mbarara,Northern,262899,45,167,366,637,2206,48,5614,3253,Low
Wakiso,Central,73559,20,17,183,738,19674,82,4666,2663,High
Wakiso,Northern,511571,40,146,25,850,4360,86,4790,2064,Low
Arua,Central,743372,75,128,166,411,46330,74,7702,3285,High
Lira,Northern,281163,40,74,542,273,9229,84,5107,3444,Low
Kampala,Northern,149587,32,117,397,492,33913,62,8312,4170,High
Kampala,Western,470694,31,45,375,528,48484,98,6752,1480,High
Masaka,Northern,495712,28,125,538,234,13466,81,4175,3094,Medium
Kabale,Central,326494,40,94,144,513,18974,64,9820,4940,Medium
Mbarara,Western,508619,5,82,280,832,9533,75,9152,5127,Low
Kabale,Northern,784723,26,79,117,825,44943,67,7752,3777,High
Mbale,Northern,155615,24,110,196,541,10271,60,3723,5478,Low
Mbale,Eastern,341066,24,30,207,759,38345,93,3212,1520,High
Lira,Northern,511028,69,129,121,37,13557,68,727,7487,Medium
Kabale,Central,614034,60,60,333,665,48139,78,3839,7896,High
Kabale,Northern,729708,49,100,126,511,4775,81,2682,5862,Low
Arua,Northern,314732,75,192,123,81,38022,95,927,1817,High
Mbarara,Northern,138147,37,69,108,289,32570,51,4202,201,High
Arua,Eastern,284017,52,67,443,136,49937,54,235,1137,High
Jinja,Central,524214,67,10,250,234,23484,42,5234,6400,High
Mbale,Eastern,733018,73,105,249,339,27888,44,8490,6328,Medium
Lira,Eastern,663286,72,198,507,301,12176,92,6757,7619,Medium
Mbale,Northern,743019,11,148,240,492,38171,97,4115,4766,High
Masaka,Central,133730,52,115,29,33,17465,80,8099,5377,Medium
Gulu,Northern,542818,21,81,464,749,42151,86,3451,1369,High
Mbale,Central,739753,42,10,411,472,47697,60,8617,5092,High
Mbarara,Western,121184,21,17,100,313,3321,90,4938,2704,High
Masaka,Northern,171188,16,192,89,978,20095,41,6140,5973,Medium
Gulu,Eastern,717610,69,194,444,936,8518,47,8665,4000,Low
Arua,Eastern,515495,54,32,465,967,15445,64,3374,2835,Medium
Lira,Eastern,462284,71,198,589,305,7678,77,791,5538,Low
Lira,Western,262890,24,117,419,801,40447,57,6021,1450,High
Kabale,Northern,496041,24,74,263,145,37255,41,6919,869,High
Kampala,Eastern,745691,43,155,470,747,4633,46,1888,3518,Low
Arua,Central,899988,53,98,149,837,31522,45,358,421,High
Gulu,Northern,719319,15,28,586,219,40107,73,1254,1321,High
Arua,Eastern,512525,37,155,266,340,3574,76,1698,4649,Low
Mbale,Western,676672,12,33,122,458,4694,76,3620,5013,Low
Arua,Eastern,353460,28,152,467,41,18957,69,9695,2865,Medium
Arua,Western,719464,70,26,116,840,34340,71,5677,2074,High
Jinja,Central,381990,70,133,318,756,20689,63,4153,3577,Medium
Masaka,Western,673998,35,116,496,283,40602,91,3442,1305,High
Masaka,Northern,899021,76,8,101,283,46605,51,6004,2322,High
Kabale,Northern,468594,64,49,118,327,43797,91,1811,1710,High
Lira,Eastern,95220,29,105,420,721,28341,52,6237,5660,Medium
Masaka,Western,471893,77,107,547,425,12815,64,2407,4396,Medium
Jinja,Eastern,88410,15,66,97,752,37099,100,2925,7027,High
Jinja,Western,875689,63,126,360,339,39911,63,3113,7119,High
Masaka,Northern,228572,16,44,562,237,31853,61,1778,4497,High
Gulu,Northern,801873,75,62,356,889,19413,59,1445,2391,Medium
Mbarara,Eastern,62672,60,61,409,497,1328,68,6246,6641,Low
Kampala,Central,289520,56,69,266,44,39398,46,7669,6014,High
Mbale,Central,308133,62,78,238,79,24894,76,621,7463,Medium
Wakiso,Central,709207,80,183,516,582,10099,92,6630,1464,Low
Masaka,Eastern,328763,49,107,184,215,6397,85,9489,6638,Low
Jinja,Eastern,253173,42,150,353,68,33329,63,8404,1036,High
Kampala,Western,316542,38,174,300,979,28684,89,8682,3849,Medium
Lira,Eastern,539782,77,86,132,725,41109,51,1957,2233,High
Gulu,Northern,192335,31,131,362,212,22343,86,7401,4148,Medium
Kampala,Northern,110673,27,119,97,88,30158,41,392,7439,High
Lira,Eastern,578676,16,110,257,890,9561,89,920,5002,Low
Mbale,Northern,405869,44,166,523,445,26391,43,8379,276,Medium
Jinja,Central,686292,60,56,246,363,1289,41,1636,7099,Low
Kampala,Eastern,563678,68,100,121,619,25306,77,5270,302,Medium
Mbale,Western,479251,13,132,575,559,25113,46,8160,1002,Medium
Mbale,Central,572228,60,134,45,138,48455,78,7794,7335,High
Arua,Central,685066,58,175,303,704,683,92,7875,7532,Low
Mbarara,Western,654996,64,101,125,323,41699,88,9985,5250,High
Kampala,Western,371825,74,65,600,429,37595,91,577,3726,High
Lira,Northern,703574,66,82,566,66,46699,58,328,1410,High
Jinja,Central,852345,36,12,188,839,17704,55,6345,7058,High
Mbarara,Western,694394,80,41,123,273,29292,73,6419,7996,Medium
Jinja,Northern,892434,62,49,591,812,19433,99,6173,352,Medium
Masaka,Western,884757,68,18,145,187,562,65,9075,5783,High
Wakiso,Western,395519,14,44,408,157,20396,74,762,4954,Medium
Wakiso,Eastern,581941,23,129,143,241,10581,91,5133,2076,Low
Kampala,Central,320836,17,51,468,668,34687,93,5470,7031,High
Gulu,Northern,378766,55,180,168,889,44833,76,7440,2458,High
Arua,Northern,191915,52,43,268,731,46193,41,2096,1852,High
Arua,Central,371216,46,30,308,962,44956,69,8953,1507,High
Lira,Central,147380,49,107,204,185,14090,44,209,948,Medium
Mbale,Central,181807,36,121,73,914,27316,80,7466,1156,Medium
Kampala,Eastern,407199,30,66,466,751,23228,90,7535,4555,Medium
Jinja,Northern,453769,13,79,448,308,19634,87,2021,1954,Medium
Mbale,Western,515923,41,53,512,330,25393,79,1567,7895,Medium
Wakiso,Eastern,115693,77,118,457,282,32907,56,6572,1044,High
Mbarara,Northern,585983,60,53,26,512,25559,93,5719,3281,Medium
Wakiso,Central,461454,24,83,440,547,8905,58,5416,3853,Low
Lira,Western,862427,80,127,162,197,17143,80,8296,7347,Medium
Kampala,Eastern,793782,8,75,569,859,33070,63,3600,3698,High
Kampala,Eastern,481075,30,183,114,111,42242,54,5181,3273,High
Mbarara,Eastern,439645,78,174,485,668,28898,63,6475,1080,Medium
Mbarara,Central,373492,71,34,477,798,27607,82,5850,4872,Medium
Mbale,Northern,301511,80,134,575,456,22094,56,6416,2783,Medium
Lira,Eastern,88974,68,149,543,231,43855,43,2707,661,High
Jinja,Western,870482,15,60,262,530,20074,68,8906,3553,Medium
Masaka,Central,94622,13,49,232,725,6555,64,2603,7728,Low
Masaka,Western,429027,13,41,586,352,43382,67,3776,1218,High
Kampala,Central,560753,46,13,432,660,48136,57,6184,3851,High
Mbarara,Western,244961,64,51,183,855,30207,100,5794,6418,High
Gulu,Eastern,849569,76,21,215,330,24263,83,4580,4562,Medium
Mbarara,Central,631870,47,103,256,654,21401,40,255,3842,Medium
Mbale,Western,366162,68,64,245,325,14160,86,5834,4796,Medium
Lira,Western,780563,53,26,30,609,49802,41,9753,4666,High
Mbale,Western,572060,31,116,583,632,14221,71,699,4046,Medium
Mbarara,Western,544741,5,182,285,319,44122,84,2343,5413,High
Lira,Northern,348910,73,130,208,766,13458,59,6623,3009,Medium
Kampala,Central,361206,49,191,217,611,10117,51,6881,6193,Low
Arua,Central,441609,80,42,118,330,16997,88,8537,3587,Medium
Arua,Eastern,347137,76,92,281,694,48257,40,3741,2904,High
Mbarara,Western,867317,30,115,289,939,22926,41,5161,2509,Medium
Kampala,Western,194014,32,98,139,673,24566,61,2058,4362,Medium
Gulu,Eastern,312226,16,153,476,530,20490,63,8716,4437,Medium
Kampala,Western,491173,38,148,205,506,33191,61,2297,2200,High
Arua,Central,296963,36,68,54,221,46413,73,4002,1271,High
Masaka,Eastern,417574,68,100,79,216,44089,80,3878,3683,High
Masaka,Eastern,246788,10,187,371,62,6104,57,5822,1164,Low
Lira,Northern,588048,72,49,118,549,41328,49,6260,1236,High
Arua,Northern,660966,47,125,100,974,31868,61,6620,1897,High
Jinja,Central,565281,67,56,223,578,33439,100,2023,5845,High
Lira,Northern,679966,17,91,173,124,12981,90,9253,6124,Medium
Jinja,Western,767924,15,110,126,788,35943,42,4967,7846,High
Mbale,Eastern,544485,39,92,328,854,36225,93,513,1736,High
Lira,Northern,133031,31,93,455,212,48154,100,1140,5682,High
Wakiso,Central,685361,21,9,559,966,32496,68,9848,5612,High
Arua,Western,80640,57,149,297,560,3195,57,2339,3979,Low
Mbarara,Northern,304926,23,12,296,154,32397,66,6028,7953,High
Kampala,Eastern,489499,12,134,126,530,38805,93,792,3519,High
Gulu,Eastern,858580,67,49,168,816,34069,65,2253,4325,High
Mbale,Western,329064,15,66,138,490,42933,63,9436,1002,High
Masaka,Northern,592915,32,40,36,114,22028,54,5231,2071,Medium
Wakiso,Central,488470,28,13,114,962,31796,70,3556,6414,High
Mbale,Western,837027,31,41,588,717,39515,69,7804,1574,High
Kampala,Western,632569,31,90,141,769,14273,68,1846,1160,Medium
Jinja,Northern,767275,11,172,295,622,972,71,9562,6400,Low
Mbale,Central,185246,47,114,451,88,28829,55,9291,4454,Medium
Jinja,Eastern,204569,59,71,400,324,40419,45,7318,338,High
Jinja,Central,464411,68,119,199,626,8358,63,704,2159,Low
Kabale,Central,208684,11,186,312,911,30988,83,5405,7653,High
Kampala,Northern,751740,35,119,280,865,46256,95,7794,3839,High
Mbale,Central,294873,28,98,137,377,39411,92,7624,7695,High
Gulu,Central,495252,32,22,475,701,38508,70,2235,1016,High
Kabale,Central,491386,57,68,535,970,47561,86,2094,5013,High
Mbarara,Eastern,409259,32,151,352,112,29309,79,3078,6164,Medium
Masaka,Western,811947,13,88,39,133,16911,66,2970,5427,Medium
Masaka,Western,85562,62,36,349,593,13953,50,5115,4589,Medium
Kabale,Northern,590299,39,70,302,477,48063,49,4903,2346,High
Lira,Northern,687693,26,155,216,474,9130,96,3601,6140,Low
Jinja,Northern,464291,44,108,506,425,10642,89,6081,7598,Low
Kampala,Eastern,725938,37,50,557,361,45192,53,6347,2424,High
Gulu,Northern,427037,63,136,559,631,14057,48,3001,5475,Medium
Jinja,Western,52492,60,52,90,286,6491,53,1887,6940,Low
Arua,Eastern,392678,36,79,306,826,23197,83,991,5918,Medium
Kabale,Central,650471,10,10,188,599,17413,95,8755,840,High
Kabale,Eastern,252060,35,130,577,791,22863,69,853,7151,Medium
Arua,Western,854275,20,106,384,821,36742,59,1751,6314,High
Mbarara,Western,345802,40,74,108,259,3343,45,6356,3066,Low
Kabale,Northern,736057,60,91,295,273,41483,50,8556,4383,High
Arua,Northern,655373,19,146,198,51,16344,63,8518,4411,Medium
Lira,Northern,630505,58,153,499,189,3248,63,1511,351,Low
Jinja,Northern,76914,12,52,151,331,19790,92,1876,4349,Medium
Gulu,Eastern,730311,24,143,322,346,12012,48,7457,1549,Medium
Lira,Eastern,239139,21,82,414,158,36637,60,9145,2167,High
Mbale,Western,889032,16,140,357,640,30443,95,1651,6469,High
Masaka,Central,644971,37,161,119,175,22016,60,6776,354,Medium
Masaka,Central,155795,28,185,451,835,17539,60,1007,1391,Medium
Arua,Central,439608,49,92,177,966,30440,69,816,2983,High
Arua,Western,793439,70,30,342,923,4143,62,8793,3507,Low
Jinja,Western,521239,40,40,92,840,20499,80,1487,5883,Medium
Mbarara,Eastern,91113,10,140,309,587,35857,51,6821,7683,High
Masaka,Central,189809,36,31,162,996,44573,68,119,7824,High
Mbarara,Central,286329,6,190,262,792,10504,64,8804,7409,Low
Gulu,Northern,603103,78,106,510,848,18709,40,3902,5773,Medium
Jinja,Western,636114,67,13,392,466,8779,83,7483,1258,High
Kabale,Western,732750,5,187,521,585,36562,49,246,2966,High
Lira,Eastern,441016,77,12,525,66,8570,70,1350,924,High
Kabale,Eastern,387528,34,71,478,683,5622,68,8931,7066,Low
Masaka,Eastern,658228,44,140,572,375,32378,94,3660,6966,High
Mbale,Central,483439,20,135,373,749,8767,74,7022,7732,Low
Mbarara,Northern,282396,35,61,369,43,26800,57,4792,662,Medium
Kampala,Eastern,365188,76,104,327,798,48657,76,2883,4059,High
Lira,Eastern,349849,56,15,119,497,40884,60,3149,5412,High
Masaka,Central,807452,67,49,256,297,24697,87,9967,1111,Medium
Jinja,Central,660253,50,94,416,632,49754,47,5638,2905,High
Jinja,Western,199086,27,10,84,492,36080,86,5241,2000,High
Masaka,Central,52264,52,60,438,567,17406,61,4252,4582,Medium
Kampala,Central,609234,38,183,594,676,24132,44,9562,4752,Medium
Mbale,Western,844205,7,93,446,45,19853,56,366,3208,Medium
Kampala,Central,298115,75,186,561,688,30556,46,9837,7737,High
Jinja,Central,608240,37,94,120,167,5611,87,7617,3881,Low
Mbarara,Northern,800185,73,75,550,368,48357,70,4210,3549,High
Kabale,Northern,139039,8,143,569,897,38174,43,2497,6737,High
Lira,Western,244056,57,110,323,459,13118,40,1613,6952,Medium
Masaka,Northern,184226,37,118,198,751,840,88,547,5106,Low
Jinja,Western,69424,12,115,289,262,16336,77,1834,3895,Medium
Mbarara,Central,720497,34,32,255,248,6975,68,9679,1126,Low
Jinja,Eastern,381201,65,46,431,502,46394,50,5408,3316,High
Lira,Northern,611290,17,178,119,483,37273,98,8194,1061,High
Wakiso,Northern,752368,52,37,105,646,44810,88,6854,4071,High
Lira,Eastern,769016,22,161,453,528,12695,99,7696,2557,Medium
Masaka,Central,679100,76,45,356,401,15097,78,3979,2229,Medium
Lira,Eastern,578023,68,116,571,687,9875,53,3831,3030,Low
Jinja,Central,124527,44,35,507,204,49314,69,7778,212,High
Mbale,Central,657806,9,138,462,212,2271,73,2170,1857,Low
Jinja,Eastern,391149,31,96,217,574,17736,52,165,7912,Medium
Mbarara,Western,830390,69,19,57,702,20098,40,1886,401,High
Mbale,Eastern,832348,61,96,36,959,42104,87,7496,1359,High
Kabale,Central,215352,64,85,293,804,35368,69,424,2554,High
Jinja,Western,68909,13,23,472,854,777,73,6940,7219,Low
Wakiso,Eastern,898730,16,35,295,33,26023,45,8805,6992,Medium
Masaka,Northern,464951,33,35,352,642,624,84,8603,3599,Low
Kabale,Northern,605176,6,26,200,788,15758,54,2954,2859,Medium
Jinja,Eastern,113234,49,116,151,532,33014,52,5081,4460,High
Kampala,Northern,402914,57,57,481,739,15721,59,772,7148,Medium
Jinja,Eastern,651089,34,109,600,414,5534,45,1690,1066,Low
Arua,Central,559928,11,188,109,768,45969,79,625,1886,High
Kampala,Northern,699271,72,63,598,450,26369,55,4506,3029,Medium
Gulu,Western,713022,63,49,479,290,33879,69,1068,7213,High
Arua,Northern,616314,34,128,328,951,38340,82,9600,4993,High
Masaka,Western,731114,5,192,575,831,48363,48,1304,1116,High
Mbarara,Northern,70941,25,131,184,26,36033,56,6090,3330,High
Mbarara,Eastern,52590,38,180,269,896,21748,48,6891,2356,Medium
Jinja,Western,389815,23,9,537,877,20726,87,9841,4237,High
Kampala,Northern,134141,65,122,230,872,32230,97,2324,1200,High
Masaka,Eastern,638513,20,6,347,208,41017,74,3208,5348,High
Kabale,Eastern,606236,13,173,36,220,38112,95,4971,822,High
Wakiso,Northern,515906,49,34,225,597,25499,57,3332,2330,Medium
Mbale,Central,756065,58,64,279,410,27430,46,7058,6726,Medium
Masaka,Northern,220685,22,76,173,675,43879,80,2427,4498,High
Mbarara,Eastern,610663,26,57,267,209,10130,65,1361,4041,Low
Jinja,Western,738010,16,61,85,625,35217,41,536,5721,High
Wakiso,Central,160128,52,66,451,562,22786,63,6581,4830,Medium
Mbale,Northern,856944,73,188,65,326,13912,53,2794,4857,Medium
Mbale,Eastern,292469,60,125,246,773,47012,44,8116,6640,High
Mbale,Eastern,791002,39,190,328,467,48874,56,8218,5902,High
Kampala,Eastern,571670,50,133,46,689,31311,50,8823,7032,High
Arua,Western,160344,67,128,96,92,11751,68,7374,3051,Low
Lira,Western,605863,48,104,156,489,1706,80,9265,904,Low
Jinja,Western,207590,50,86,348,780,27508,71,185,1421,Medium
Gulu,Northern,436811,33,107,358,414,9065,76,7296,4984,Low
Kabale,Central,723086,80,157,261,362,45724,42,2440,4577,High
Kabale,Central,831210,44,100,446,678,32612,58,6258,7721,High
Masaka,Western,261744,40,137,258,247,32251,57,3019,4188,High
Masaka,Central,270604,65,24,444,537,45721,85,4289,6697,High
Wakiso,Central,853300,17,96,524,853,15205,70,1385,7501,Medium
Lira,Western,320330,24,132,149,71,11249,84,3400,4900,Low
Lira,Northern,285401,66,73,499,26,7566,65,4416,6119,Low
Mbarara,Western,161430,42,157,71,276,42217,50,4034,5479,High
Gulu,Eastern,190182,65,7,164,234,47558,90,8906,3023,High
Arua,Western,104064,45,123,90,255,25966,56,7471,1479,Medium
Arua,Central,195314,36,134,241,930,30044,50,1815,2772,High
Lira,Western,592729,53,51,210,176,18816,65,292,6527,Medium
Kabale,Eastern,149606,13,197,105,453,11003,54,1812,2064,Low
Mbarara,Central,389224,16,172,97,810,25969,73,5913,1001,Medium
Kampala,Northern,615584,70,30,505,613,49410,68,5464,967,High
Jinja,Central,176196,56,32,365,73,15924,56,9846,5414,Medium
Masaka,Central,398705,50,36,504,999,16447,78,8111,1169,Medium
Mbarara,Northern,775977,21,6,157,659,45737,40,260,833,High
Gulu,Western,651669,38,58,134,116,22540,97,4016,4806,Medium
Kabale,Central,240208,30,162,451,809,33730,73,702,1133,High
Wakiso,Northern,237130,11,25,129,315,16941,86,6304,4676,Medium
Mbale,Western,549576,9,153,264,91,37558,68,1047,3218,High
Mbale,Eastern,655442,53,159,453,205,3934,77,5364,4973,Low
Lira,Central,797596,24,10,539,287,21085,74,9914,4283,High
Lira,Central,352747,19,70,153,542,2407,74,3759,3354,Low
Lira,Northern,422806,47,69,159,876,20229,97,6182,2231,Medium
Arua,Central,665086,8,11,327,365,40938,68,4411,5794,High
Arua,Northern,446403,51,63,111,717,30652,77,1791,1158,High
Mbarara,Western,82983,43,168,520,966,32274,75,6997,4041,High
Kampala,Western,344972,9,123,74,979,32463,65,135,2835,High
Jinja,Northern,140569,7,135,580,507,23935,99,4192,6445,Medium
Gulu,Central,460370,8,100,410,631,7176,81,8298,554,Low
Kampala,Eastern,523638,71,9,170,65,23097,47,1560,4664,High
Gulu,Northern,790964,16,73,494,849,27506,61,2457,1694,Medium
Kabale,Western,57830,20,21,590,886,40983,68,1823,5183,High
Kabale,Western,240516,47,43,494,747,3527,97,3640,7611,Low
Gulu,Central,129214,79,143,407,978,24101,71,1431,2831,Medium
Gulu,Northern,566488,74,88,281,698,20105,85,3737,3969,Medium
Kabale,Western,490801,44,187,572,253,11004,50,4956,4164,Low
Jinja,Eastern,119909,39,127,80,293,42221,59,1840,902,High
Wakiso,Eastern,206198,46,17,458,513,44063,53,8649,4983,High
Gulu,Central,779283,65,37,337,319,8023,76,8474,7039,Low
Lira,Eastern,184787,54,146,42,711,23538,64,746,2301,Medium
Masaka,Central,735553,52,45,520,895,16371,58,7287,6792,Medium
Wakiso,Northern,684338,39,80,575,874,15116,56,287,3564,Medium
Jinja,Western,631965,14,200,292,521,29035,74,8464,7407,Medium
Lira,Central,105514,50,23,169,567,4541,71,4338,7088,Low
Mbarara,Central,407540,7,164,367,303,40069,72,3421,1054,High
Wakiso,Western,354749,14,143,533,145,30885,88,4075,3180,High
Arua,Central,805060,36,22,238,418,28369,59,6157,4516,Medium
Jinja,Western,271614,6,147,96,524,5469,52,6061,4299,Low
Lira,Central,254509,78,167,232,83,21371,75,8518,6252,Medium
Masaka,Northern,186930,52,39,382,753,12813,75,7750,6953,Medium
Masaka,Northern,404805,13,88,512,899,49179,90,3376,2581,High
Lira,Central,105122,12,123,355,766,5561,77,2971,3138,Low
Mbale,Western,122536,73,58,470,580,30657,92,9159,2471,High
Masaka,Eastern,197966,31,42,562,538,6093,91,6754,3739,Low
Kampala,Central,477712,22,185,66,685,36538,49,4365,4316,High
Mbale,Central,842106,64,116,448,354,26870,91,8631,7192,Medium
Arua,Central,588512,29,185,155,819,36450,99,5855,1784,High
Jinja,Central,413804,51,51,327,960,28873,53,5301,4595,Medium
Masaka,Central,344580,67,110,358,318,15160,69,9665,4763,Medium
Jinja,Eastern,492341,15,80,134,513,10114,62,3111,5221,Low
Gulu,Western,295181,34,67,207,494,9963,84,9576,6391,Low
Arua,Central,899698,14,177,525,458,40333,88,9011,3812,High
Wakiso,Western,548720,52,34,95,110,26688,89,1124,7279,Medium
Jinja,Western,440105,70,69,41,234,8926,44,8445,2147,Low
Jinja,Eastern,224392,60,11,152,216,25060,95,4796,5244,High
Arua,Western,507513,22,113,169,703,36419,71,4601,1857,High
Wakiso,Western,499465,78,154,321,867,38299,81,4635,541,High
Wakiso,Northern,729160,24,147,353,78,5743,49,8074,7851,Low
Masaka,Northern,444758,28,136,332,218,3683,54,3654,5393,Low
Gulu,Central,585731,15,186,575,528,24000,47,8526,4074,Medium
Jinja,Eastern,787827,76,14,450,728,33621,75,809,3364,High
Kabale,Western,97030,41,52,407,972,40027,43,9152,5666,High
Mbarara,Central,190734,25,149,537,37,25979,41,2789,2023,Medium
Kabale,Central,637783,60,138,200,33,27346,90,8108,7324,Medium
Kampala,Northern,549046,15,60,144,435,5423,77,9617,3999,Low
Mbarara,Central,785740,63,49,419,726,32061,79,1455,6030,High
Mbale,Western,541461,10,106,397,935,33297,92,9710,6455,High
Masaka,Northern,324239,68,20,140,992,10091,61,8798,6933,Low
Kampala,Eastern,702213,79,121,424,318,28827,81,8940,5288,Medium
Mbarara,Central,64043,35,123,119,562,8858,45,704,7426,Low
Kabale,Northern,146859,22,100,440,828,39573,41,9161,3149,High
Masaka,Central,615846,58,123,211,441,12554,84,1927,6586,Medium
Lira,Central,619370,66,95,401,119,40497,45,8735,4617,High
Kabale,Northern,430159,64,56,511,168,31257,51,3489,2948,High
Kabale,Northern,520609,58,82,529,421,1391,66,6640,2031,Low
Lira,Eastern,790498,65,97,525,809,1277,53,5809,2559,Low
Masaka,Western,224057,31,21,114,230,23835,49,1580,4437,Medium
Gulu,Central,747961,39,135,351,198,44023,59,3181,7610,High
Lira,Northern,676608,19,33,552,30,42958,78,1553,6788,High
Masaka,Eastern,374483,75,195,205,951,40295,73,3098,3574,High
Gulu,Central,787921,24,21,562,446,2983,58,7757,6462,Low
Masaka,Central,852018,72,76,90,653,25085,56,7870,815,Medium
Masaka,Northern,226570,66,46,31,340,48290,94,6108,7677,High
Masaka,Central,895119,21,56,95,55,46159,88,1027,1522,High
Mbarara,Western,57362,20,59,386,341,6033,72,7819,1263,Low
Jinja,Eastern,824425,19,131,543,883,5245,50,8202,7714,Low
Wakiso,Northern,642427,72,45,194,242,21535,47,3706,6105,Medium
Mbarara,Western,693929,8,88,89,806,24676,76,6031,916,Medium
Jinja,Western,582356,50,166,264,966,46116,100,6752,5053,High
Kabale,Western,196945,33,81,36,172,41907,92,9035,2386,High
Wakiso,Western,56775,66,136,508,591,49599,89,1295,4379,High
Gulu,Western,667910,38,129,231,185,15678,69,6056,6322,Medium
Kampala,Western,329579,75,197,28,975,48357,80,1944,5960,High
Masaka,Eastern,542929,42,135,589,657,29720,44,2887,6907,Medium
Lira,Northern,369144,38,187,133,900,26657,96,446,776,Medium
Arua,Northern,82793,74,180,219,496,26354,97,5406,4896,Medium
Gulu,Eastern,697930,68,137,540,571,14639,100,4377,4259,Medium
Gulu,Western,781270,40,181,99,542,42325,76,3060,5659,High
Masaka,Central,515223,42,116,230,378,31136,43,1370,2538,High
Arua,Eastern,207296,9,81,441,908,8863,56,8539,7831,Low
Mbale,Western,605697,62,175,577,374,45122,40,1908,916,High
Kampala,Western,483460,18,24,275,592,42523,83,3242,6373,High
Jinja,Central,811578,10,26,270,727,22775,54,2192,7278,Medium
Jinja,Eastern,640443,27,39,114,266,31631,45,336,4761,High
Kampala,Central,521686,22,73,151,372,49605,87,5268,6360,High
Masaka,Central,697095,73,104,543,636,17517,58,5178,5581,Medium
Mbale,Western,733579,20,51,538,890,7531,58,9899,3223,Low
Jinja,Central,161142,66,73,426,353,30375,48,8913,6849,High
Kabale,Eastern,345852,41,75,208,671,7874,74,556,7732,Low
Mbarara,Northern,788628,51,9,568,347,19369,59,8289,744,High
Mbarara,Northern,576813,6,158,279,880,31493,76,2632,6941,High
Wakiso,Western,145286,22,36,125,912,39530,42,9890,6789,High
Lira,Northern,732547,43,33,430,103,31413,42,2081,3186,High
Mbarara,Northern,899924,10,154,116,454,42857,90,2492,6349,High
Arua,Eastern,292700,56,127,237,415,41828,81,2923,698,High
Jinja,Northern,669200,68,195,584,565,17863,57,3653,4429,Medium
Mbarara,Eastern,55161,55,138,173,234,35128,72,9658,6008,High
Kabale,Central,532384,70,181,488,922,954,73,238,6623,Low
Kampala,Eastern,175382,38,110,341,313,23709,53,8147,2612,Medium
Lira,Northern,819737,44,100,568,736,33300,99,5291,1507,High
Arua,Eastern,597769,19,86,167,505,39847,66,7285,3069,High
Jinja,Eastern,847810,58,105,534,804,24096,51,6149,1346,Medium
Kampala,Central,260367,45,92,201,701,31706,71,2259,6040,High
Mbale,Northern,308954,45,180,27,355,18620,41,3531,6377,Medium
Arua,Western,311986,56,42,21,928,43313,41,9085,2081,High
Kampala,Central,347042,59,167,168,653,39282,81,1374,6512,High
Mbarara,Northern,238448,36,66,95,60,36636,86,1429,1938,High
Mbarara,Northern,89927,16,78,176,88,10949,82,2402,909,Low
Mbale,Western,153412,5,144,313,837,22554,87,790,509,Medium
Wakiso,Northern,581646,30,101,305,725,14362,91,1972,1468,Medium
Gulu,Central,670249,64,191,283,182,35787,85,492,1816,High
Arua,Central,547481,51,182,483,29,11232,93,9359,3159,Low
Masaka,Northern,732636,58,171,548,488,32604,42,3182,4683,High
Lira,Eastern,267722,47,105,50,246,20940,91,3631,7453,Medium
Lira,Northern,588740,21,26,548,241,49288,46,6444,3906,High
Gulu,Eastern,734877,16,93,135,51,37881,51,6730,7129,High
Arua,Northern,842294,75,150,157,850,9990,77,9469,5094,Low
Gulu,Northern,145539,38,185,280,975,32405,89,5085,5447,High
Mbale,Central,362869,12,8,344,566,5356,58,6963,6122,High
Wakiso,Central,584417,80,34,578,370,35028,53,2482,1650,High
Mbarara,Eastern,199785,49,147,205,996,25506,67,102,847,Medium
Mbale,Central,73906,19,38,211,137,20142,76,8717,2852,Medium
Masaka,Northern,81946,71,33,216,712,13180,65,770,955,Medium
Kabale,Eastern,798580,52,17,204,100,5395,77,9131,4719,High
Kampala,Eastern,167494,35,143,547,386,17012,85,504,5149,Medium
Lira,Western,790929,60,81,559,585,25313,43,9343,3426,Medium
Wakiso,Eastern,187472,18,107,538,609,49885,57,6608,6232,High
Kampala,Eastern,111372,30,67,256,36,37667,52,2968,2733,High
Jinja,Central,71843,16,30,378,991,40772,93,1202,7907,High
Kabale,Eastern,79929,9,53,354,815,21436,49,262,882,Medium
Kampala,Eastern,685853,72,180,448,203,37715,62,3644,2273,High
Gulu,Western,840086,61,112,498,658,8674,54,1322,4869,Low
Arua,Northern,551038,51,145,515,596,47010,97,7447,4235,High
Mbarara,Central,641591,44,57,63,430,42226,100,5655,2345,High
Mbale,Northern,602844,50,112,561,998,10091,73,9334,3138,Low
Mbarara,Eastern,400808,57,164,367,731,2884,75,3575,1273,Low
Kabale,Eastern,747509,12,28,204,969,25419,85,2314,7191,Medium
Mbale,Western,112916,37,63,242,260,42241,60,322,4665,High
Kabale,Central,560588,58,90,31,735,23552,66,8674,4209,Medium
Jinja,Northern,406677,28,63,348,523,24203,71,2026,3628,Medium
Mbarara,Central,762792,67,34,484,671,39692,99,6750,4756,High
Lira,Central,160102,50,137,191,649,3290,67,3254,2437,Low
Lira,Western,235115,22,73,343,364,39763,99,5489,354,High
Mbarara,Central,374861,46,31,220,710,37982,96,4138,6802,High
Kampala,Eastern,491769,32,51,144,474,16431,66,9521,4977,Medium
Gulu,Central,349522,22,21,503,45,10461,68,3486,5900,Low
Arua,Northern,367861,64,157,550,891,13486,73,926,2777,Medium
Kampala,Central,559770,18,40,201,461,2082,93,1087,5685,Low
Arua,Northern,657791,68,91,373,125,18486,98,5693,721,Medium
Masaka,Central,743690,70,160,263,783,4458,78,5957,2021,Low
Gulu,Central,643504,42,120,500,147,1109,75,1942,2370,Low
Lira,Western,407070,50,163,582,467,17181,68,7179,2083,Medium
Jinja,Western,866406,12,104,325,806,47117,82,3628,1849,High
Kampala,Northern,768470,40,44,357,491,4598,86,5359,5517,Low
Gulu,Eastern,186469,60,75,406,692,35139,49,8738,4459,High
Arua,Central,113045,76,188,115,426,29866,41,2407,1258,Medium
Kampala,Northern,631392,39,138,193,253,34940,70,158,4191,High
Kampala,Eastern,688091,13,107,587,540,22390,74,3885,7085,Medium
Gulu,Eastern,172082,24,35,347,294,27722,90,6503,651,Medium
Masaka,Northern,870583,12,87,572,764,37732,42,5704,4885,High
Kabale,Western,450143,43,179,35,398,11211,73,8028,3326,Low
Arua,Western,463554,55,162,502,178,22984,54,8341,971,Medium
Gulu,Eastern,78601,39,103,112,318,13959,77,7621,2798,Medium
Kampala,Central,308499,48,171,171,198,15428,71,2330,2417,Medium
Kabale,Western,771529,45,137,164,788,18631,79,1470,3619,Medium
Lira,Western,454200,50,169,41,255,32697,81,190,4263,High
Gulu,Eastern,666149,63,189,529,401,7753,54,7680,5870,Low
Mbarara,Western,107102,42,74,420,974,41149,58,7876,2604,High
Wakiso,Central,440791,80,45,424,152,24455,54,6298,1600,Medium
Masaka,Eastern,347694,79,177,560,926,5179,83,528,356,Low
Wakiso,Eastern,374992,66,39,165,462,15672,63,7687,6158,Medium
Wakiso,Eastern,783400,21,125,175,924,1871,96,4708,1347,Low
Gulu,Northern,781207,10,200,88,777,41034,58,474,1081,High
Arua,Western,382307,5,79,115,737,41167,58,6097,5011,High
Jinja,Northern,897955,55,98,246,223,47431,67,9798,3824,High
Lira,Western,896389,24,125,246,895,6727,65,4411,3657,Low
Jinja,Western,788977,23,191,564,417,12325,40,5710,4516,Medium
Arua,Western,864673,5,44,58,334,30458,99,4850,328,High
Jinja,Central,755799,48,129,113,179,37699,88,7927,6380,High
Masaka,Northern,892932,59,131,341,506,37837,71,7940,2942,High
Kabale,Northern,443836,53,6,129,410,23523,94,7200,7516,High
Kabale,Central,842328,74,77,550,85,38000,53,6024,6122,High
Mbale,Central,839593,62,112,140,219,36198,96,2653,6108,High
Mbarara,Eastern,534859,70,98,521,844,30484,67,8071,5335,High
Mbarara,Northern,299861,10,102,596,685,48979,60,5027,5105,High
Mbarara,Western,870408,68,154,127,306,15566,40,5180,7536,Medium
Kampala,Central,727509,33,174,415,519,26063,64,7421,6153,Medium
Mbarara,Western,895860,58,78,395,963,22919,49,6849,1876,Medium
Kampala,Northern,133639,76,135,588,326,9338,95,6357,7599,Low
Lira,Northern,851151,37,36,562,677,33309,68,3134,230,High
Jinja,Western,243613,11,143,73,352,47735,56,9959,6262,High
Jinja,Northern,835899,53,55,52,619,5501,75,9603,3596,Low
Masaka,Eastern,59191,72,112,437,380,16024,97,6790,5085,Medium
Gulu,Central,703757,25,110,154,511,14522,59,3297,2258,Medium
Wakiso,Central,883126,18,82,294,344,35167,95,2917,3905,High
Arua,Central,441154,14,168,344,382,44399,74,2563,2585,High
Kampala,Eastern,657877,68,190,127,157,3649,60,5597,736,Low
Arua,Northern,774166,17,46,432,439,47231,43,1537,7326,High
Jinja,Central,839780,63,154,343,543,33589,81,8236,3457,High
Arua,Eastern,640573,73,93,372,364,28886,95,6686,7584,Medium
Mbarara,Central,422017,29,171,508,245,19114,47,9573,5083,Medium
Mbarara,Central,703176,67,169,212,265,42865,80,3724,4159,High
Mbarara,Western,394279,40,105,488,758,13687,86,7640,5321,Medium
Lira,Central,868591,55,140,220,803,46074,59,8689,4192,High
Kabale,Central,247838,70,106,530,782,17720,71,4210,2528,Medium
Kabale,Central,805573,36,131,390,957,5573,100,9183,7395,Low
Wakiso,Central,675051,17,180,501,789,30392,66,1767,7348,High
Kabale,Western,265725,73,155,110,481,46718,46,4243,3868,High
Masaka,Central,619904,79,9,255,851,12875,68,2704,939,High
Wakiso,Central,825818,32,164,77,97,22337,98,2783,5822,Medium
Mbale,Northern,842965,8,30,159,896,11929,74,5270,3930,Low
Jinja,Eastern,580916,6,140,279,394,6491,92,1028,238,Low
Gulu,Eastern,224823,64,46,138,772,34227,96,5403,5303,High
Wakiso,Central,197080,66,42,586,948,8103,97,5518,7155,Low
Mbale,Central,586611,67,38,408,71,17227,46,614,2291,Medium
Mbarara,Northern,227539,44,58,380,693,15546,84,1480,3754,Medium
Masaka,Central,829917,51,77,317,796,9885,66,8347,2412,Low
Kabale,Central,710101,42,24,156,629,4027,58,6061,7033,Low
Mbale,Central,387585,76,77,128,972,25154,75,2009,6164,Medium
Lira,Central,771502,55,200,199,218,6739,65,1204,2706,Low
Masaka,Central,379961,53,111,236,811,48603,95,7117,370,High
Gulu,Eastern,686597,76,93,352,67,2033,82,5014,5831,Low
Kampala,Northern,705863,40,37,561,988,46494,82,1647,2776,High
Gulu,Central,370924,40,109,517,628,33503,69,987,2689,High
Lira,Western,262262,74,144,64,964,14957,42,7075,1157,Medium
Gulu,Western,216670,54,8,428,880,49494,44,7417,4341,High
Masaka,Central,766595,15,149,66,772,8179,85,6019,1808,Low
Lira,Central,223303,22,175,314,504,45350,92,8882,7886,High
Mbale,Central,581066,52,109,152,394,5545,50,7574,1355,Low
Masaka,Eastern,620480,17,90,60,238,29106,99,1855,1410,Medium
Masaka,Northern,258562,71,145,420,650,12629,79,7912,3446,Medium
Kabale,Northern,899343,47,104,74,623,31830,73,8509,7590,High
Mbale,Central,161536,63,187,318,432,30092,71,958,3663,High
Wakiso,Eastern,846561,46,55,345,165,5524,56,5307,3047,Low
Masaka,Northern,387208,77,16,157,738,44578,71,2235,3409,High
Kampala,Central,845810,40,109,211,588,33774,78,5073,1170,High
Kampala,Western,126694,52,111,366,821,22276,84,1640,1680,Medium
Lira,Western,232970,23,94,45,396,45795,77,7658,1195,High
Masaka,Central,677319,59,86,451,793,38437,85,7710,3606,High
Gulu,Northern,831986,11,67,173,846,17924,87,5238,5722,Medium
Kabale,Central,821814,52,71,489,357,38982,56,6921,1274,High
Gulu,Northern,493011,71,42,194,200,19559,40,878,6782,Medium
Kabale,Eastern,464939,74,180,107,504,22107,100,447,6542,Medium
Gulu,Western,192095,18,157,171,406,23091,83,8036,7339,Medium
Wakiso,Northern,467931,50,129,407,304,22015,73,8913,7125,Medium
Arua,Central,314974,18,156,30,436,44665,64,6749,6062,High
Lira,Eastern,153611,78,27,39,364,20328,52,2457,6869,Medium
Wakiso,Eastern,134324,33,8,253,458,14641,78,991,1433,High
Kampala,Western,274478,37,124,433,196,27796,77,3065,2534,Medium
Jinja,Eastern,578203,35,199,459,289,49504,85,8367,1698,High
Kampala,Northern,415932,77,17,257,889,25905,70,9267,494,High
Jinja,Central,241712,24,21,292,948,15848,46,9176,4664,Medium
Mbarara,Eastern,706313,30,195,346,843,4437,60,3374,806,Low
Kabale,Western,458347,64,87,598,726,48146,76,4004,7681,High
Arua,Northern,468614,48,176,497,539,30204,47,5493,4092,High
Wakiso,Western,566106,28,112,295,557,47919,65,7959,7677,High
Mbale,Eastern,763722,13,92,200,282,44407,85,7278,4206,High
Lira,Eastern,82214,34,11,434,490,20797,96,8846,4338,High
Masaka,Central,371282,56,150,566,469,4031,42,2616,1426,Low
Wakiso,Western,593259,53,196,496,887,19471,68,2905,3813,Medium
Wakiso,Central,493800,18,62,30,308,754,63,8133,7577,Low
Jinja,Central,157751,78,28,283,574,23782,44,7389,3278,Medium
Wakiso,Eastern,329966,13,58,386,244,19045,67,6502,6193,Medium
Wakiso,Central,729535,21,180,135,235,27840,82,5435,2348,Medium
Kampala,Western,412536,75,109,420,396,23055,55,7360,2942,Medium
Gulu,Eastern,577877,51,138,396,710,45067,82,2997,3716,High
Masaka,Eastern,332786,51,135,188,600,25246,61,3394,4713,Medium
Wakiso,Northern,283487,77,106,156,163,6445,93,841,2689,Low
Mbale,Northern,602773,46,99,536,810,44987,47,898,3351,High
Jinja,Central,476045,60,158,532,325,3493,63,3478,7005,Low
Jinja,Eastern,494209,22,10,504,429,16924,67,5902,2629,High
Kabale,Eastern,480594,5,34,150,33,29671,93,7913,4037,Medium
Lira,Western,81415,18,188,20,511,3604,71,5371,5959,Low
Lira,Central,651160,71,61,325,674,16113,67,1633,2623,Medium
Wakiso,Eastern,353702,34,59,51,711,18898,57,7794,6866,Medium
Gulu,Central,749137,80,18,494,667,40081,73,7071,1077,High
Wakiso,Central,418954,46,131,502,631,12768,97,1467,7034,Medium
Lira,Central,60886,27,108,442,804,30812,48,8381,3981,High
Masaka,Eastern,396516,24,9,205,190,39906,42,8691,2572,High
Wakiso,Central,834299,47,52,576,407,11457,84,1642,5920,Low
Mbarara,Eastern,883159,61,34,498,129,47364,92,2580,6195,High
Jinja,Western,802548,33,42,291,146,39200,68,4042,1760,High
Lira,Central,259941,13,39,246,68,8504,77,1434,1346,Low
Arua,Eastern,112588,54,172,539,269,19556,76,1104,3914,Medium
Masaka,Central,527228,49,101,65,163,47554,97,5042,4667,High
Mbale,Northern,728865,68,49,521,834,25891,100,4803,2248,Medium
Mbale,Northern,268119,41,112,259,335,48008,99,4586,4360,High
Mbale,Western,542452,36,87,400,967,19711,50,7294,410,Medium
Lira,Northern,765928,38,143,431,264,4772,99,6552,3577,Low
Jinja,Western,244070,73,124,132,639,28789,57,3853,1470,Medium
Masaka,Eastern,592709,61,199,154,324,29904,46,5122,4476,Medium
Masaka,Central,729890,47,39,386,451,22385,93,9221,3323,Medium
Kabale,Eastern,252099,23,85,392,477,21830,85,335,3958,Medium
Lira,Eastern,258822,7,22,587,148,37650,85,8861,533,High
Lira,Eastern,381942,29,109,450,371,35216,67,6070,6502,High
Mbarara,Eastern,707637,71,11,391,545,23913,87,8903,4246,High
Kabale,Northern,490764,63,150,592,555,7258,86,9364,5741,Low
Mbarara,Northern,317029,41,76,562,813,2616,41,4081,4489,Low
Kabale,Northern,375281,44,146,207,778,33694,51,6835,774,High
Gulu,Northern,715231,49,108,110,801,19828,86,6125,5841,Medium
Kabale,Northern,202883,59,160,255,682,20199,55,4020,1336,Medium
Kampala,Northern,575936,66,59,256,769,14303,79,6300,1051,Medium
Masaka,Northern,799657,46,116,129,968,15576,73,5744,4228,Medium
Mbarara,Northern,239290,67,118,167,314,16050,41,405,3730,Medium
Kabale,Northern,477712,56,71,429,509,32132,53,2436,329,High
Wakiso,Western,434327,42,114,398,428,35959,54,2403,778,High
Mbale,Western,487089,34,54,73,251,9029,65,9039,4546,Low
Jinja,Northern,796742,8,61,569,642,30010,66,994,1342,High
Gulu,Northern,739691,26,199,577,467,30216,43,3459,5084,High
Gulu,Western,780125,63,99,50,596,3310,63,4461,3574,Low
Gulu,Central,849400,58,115,176,51,10599,62,3855,2215,Low
Gulu,Eastern,865420,21,12,210,967,47405,84,9085,7008,High
Mbale,Eastern,827769,60,90,116,193,17700,80,3640,2534,Medium
Arua,Central,715793,22,113,203,873,20903,57,4110,4297,Medium
Kampala,Central,272001,58,71,278,196,4148,90,7797,7345,Low
Jinja,Eastern,875831,21,130,322,728,7381,45,9263,3444,Low
Arua,Eastern,309223,58,24,380,644,38867,81,3716,4010,High
Kabale,Central,369987,17,143,64,141,25388,66,2520,6075,Medium
Masaka,Eastern,672002,42,87,439,138,8185,95,9594,7816,Low
Kabale,Eastern,325171,75,83,464,819,11008,78,7973,1098,Low
Mbale,Western,440080,7,149,456,652,35946,66,3924,4330,High
Kampala,Eastern,807740,29,179,207,599,21944,48,5299,4467,Medium
Masaka,Northern,482773,12,112,172,272,39460,88,6314,5133,High
Gulu,Northern,802514,10,93,570,825,23534,81,6591,5034,Medium
Mbale,Western,349132,79,182,388,311,32658,56,7805,2662,High
Kampala,Northern,513854,6,98,140,114,39524,73,5627,6205,High
Masaka,Central,737398,5,33,66,364,18651,95,8371,916,Medium
Mbarara,Eastern,548024,13,84,499,113,911,43,9959,5744,Low
Lira,Western,418454,36,156,139,300,9226,89,3601,3407,Low
Lira,Western,504557,48,119,296,191,24833,57,9817,7366,Medium
Arua,Western,233670,14,150,463,329,21471,40,8926,1165,Medium
Kabale,Eastern,352363,7,76,470,553,24605,83,4885,6913,Medium
Arua,Western,792218,18,91,207,124,17755,85,3244,4876,Medium
Mbale,Western,275986,52,143,23,843,1116,79,9138,7468,Low
Kampala,Northern,634381,58,11,216,500,21863,79,346,4623,High
Lira,Northern,565449,63,46,62,974,31339,63,1453,4652,High
Mbarara,Eastern,843748,15,48,251,345,30060,99,9018,1763,High
Jinja,Western,54103,54,184,118,811,34490,53,9924,7836,High
Arua,Western,609120,53,42,598,445,22679,91,5318,6183,Medium
Jinja,Eastern,757920,29,103,92,753,28173,62,6175,2105,Medium
Masaka,Central,125173,75,15,194,357,18989,57,4975,723,High
Jinja,Eastern,861075,68,139,582,597,26746,40,9072,4142,Medium
Masaka,Western,150315,28,183,238,155,6351,44,4760,470,Low
Kampala,Eastern,140897,78,34,267,793,33438,68,4859,5309,High
Kampala,Eastern,883004,44,178,143,924,36467,89,4437,1337,High
Mbale,Western,284929,51,13,478,141,49922,56,6425,616,High
Mbale,Western,503875,45,179,275,514,21385,88,1484,2048,Medium
Mbarara,Western,55186,72,73,168,935,10923,46,4178,2395,Low
Jinja,Eastern,468964,76,23,189,77,47900,53,9757,674,High
Masaka,Central,349131,41,11,443,620,40467,61,8061,3756,High
Mbarara,Western,145319,37,122,585,561,5111,77,7953,5655,Low
Jinja,Eastern,566145,35,83,387,526,43169,92,3888,4739,High
Arua,Western,237261,58,114,196,462,8812,56,7973,4800,Low
Kabale,Central,157016,29,200,274,78,3005,50,7826,509,Low
Masaka,Eastern,72459,80,23,65,160,4019,91,8408,4829,Low
Jinja,Eastern,782133,38,91,155,558,42847,84,9881,3417,High
Jinja,Central,398119,40,62,451,809,829,65,4021,7468,Low
Arua,Eastern,224916,8,25,229,418,35339,85,3851,909,High
Mbale,Western,463945,66,92,45,63,11313,73,6246,2362,Low
Gulu,Central,283979,78,171,569,914,33962,82,1035,1668,High
Arua,Northern,660059,58,163,242,382,4932,50,5578,5664,Low
Arua,Western,542886,23,7,144,258,47715,97,1950,7966,High
Arua,Eastern,582192,30,87,417,379,29167,97,8460,7640,Medium
Masaka,Eastern,581045,69,115,146,960,18681,91,4753,4382,Medium
Jinja,Northern,276871,37,54,90,129,43055,98,4915,4401,High
Jinja,Northern,832322,61,131,552,544,8868,63,4064,3016,Low
Gulu,Western,741217,44,66,187,263,28485,95,9655,6606,Medium
Wakiso,Northern,866824,71,54,242,519,7790,91,1126,2069,Low
Lira,Central,583309,36,108,579,477,18605,76,3128,4522,Medium
Jinja,Northern,139359,9,194,449,811,20243,67,8568,6503,Medium
Gulu,Eastern,775183,45,63,60,226,30139,99,9469,6237,High
Wakiso,Central,836382,47,91,267,405,28865,57,5959,2645,Medium
Mbale,Northern,885034,73,159,138,804,20115,79,4716,3923,Medium
Masaka,Eastern,512882,80,150,312,160,20568,87,8573,6900,Medium
Wakiso,Western,769597,72,134,428,424,46715,89,3870,7927,High
Kampala,Western,452423,40,16,359,458,2038,65,2624,632,High
Masaka,Eastern,69523,40,29,340,797,43768,64,9864,1523,High
Mbarara,Northern,757257,79,144,547,499,23733,53,1953,5316,Medium
Wakiso,Western,177404,58,44,124,213,30864,81,3618,5392,High
Lira,Northern,850696,58,157,422,687,25698,77,3560,4004,Medium
Mbarara,Western,773982,27,84,256,127,40232,64,7519,2268,High
Mbale,Eastern,684712,56,173,465,758,22737,69,6621,2022,Medium
Mbarara,Northern,534523,65,61,542,128,31723,47,2938,4713,High
Kabale,Western,322136,16,162,434,356,25575,79,1391,3873,Medium
Mbarara,Western,896078,22,156,437,956,29328,63,7049,4616,Medium
Masaka,Western,751743,51,189,492,516,40548,67,6727,4810,High
Lira,Central,63089,65,106,321,600,11460,45,8692,5677,Low
Masaka,Eastern,550186,58,59,251,28,47665,76,8931,3333,High
Jinja,Eastern,537965,48,67,268,87,22840,95,759,2486,Medium
Mbale,Eastern,531992,6,38,569,771,41529,74,4722,2825,High
Mbale,Western,410552,19,88,109,130,45542,75,2976,3421,High
Arua,Central,581345,16,30,330,547,14310,68,9939,2048,Medium
Gulu,Central,454216,16,123,553,340,15380,63,5059,3069,Medium
Arua,Northern,368901,42,102,594,66,44950,79,2665,4466,High
Kabale,Eastern,395532,24,169,51,26,25241,80,2463,4658,Medium
Kampala,Central,418070,48,91,22,915,10227,45,2136,4292,Low
Lira,Central,717416,61,115,248,71,16571,76,8759,3527,Medium
Kampala,Western,294972,40,40,316,320,30058,78,7472,3354,High
Arua,Central,743692,13,100,445,163,3310,72,3147,2535,Low
Kampala,Northern,139837,36,25,312,602,38435,57,4860,2541,High
Masaka,Western,398621,31,153,454,131,41401,99,104,6777,High
Mbarara,Eastern,631309,38,53,549,475,837,56,3875,6583,Low
Wakiso,Central,527421,75,115,379,544,19386,96,8424,3587,Medium
Kampala,Eastern,388541,21,158,477,291,47192,86,1402,4264,High
Arua,Northern,519736,5,30,108,949,15982,45,6613,7815,Medium
Kampala,Central,674486,31,92,464,641,38913,67,9992,1604,High
Wakiso,Western,877885,80,179,151,198,27317,54,8442,6612,Medium
Kampala,Central,853086,16,31,597,119,18000,62,2769,5709,Medium
Wakiso,Western,539702,13,101,126,244,27036,78,9198,3430,Medium
Mbarara,Western,220394,78,189,459,793,24972,43,2535,4038,Medium
Mbarara,Northern,316463,48,23,108,956,9699,95,6047,399,Low
Gulu,Northern,407606,44,79,152,840,28925,77,4126,2223,Medium
Mbarara,Eastern,296668,23,114,269,240,28485,51,6242,3241,Medium
Mbarara,Western,604816,72,192,258,117,39503,56,4928,4157,High
Gulu,Central,175491,10,40,231,618,9388,76,8289,4913,Low
Gulu,Central,435059,52,181,96,999,5731,57,2266,7572,Low
Masaka,Northern,356768,67,143,589,940,32371,74,5092,7607,High
Lira,Northern,258974,64,158,142,364,49181,69,7620,6858,High
Arua,Western,617260,35,130,35,84,27695,71,3994,3435,Medium
Mbale,Northern,194082,7,68,465,710,11063,84,7024,2278,Low
Kampala,Western,699667,24,97,194,468,18525,84,7936,751,Medium
Jinja,Northern,501104,63,49,537,123,42130,73,2845,3060,High
Lira,Western,163193,47,95,537,243,6019,40,8316,3278,Low
Mbale,Northern,681629,68,26,105,165,1125,59,8790,3570,Low
Gulu,Western,342261,20,54,168,242,44697,50,7462,2209,High
Kabale,Central,399412,18,93,99,109,46623,82,2405,7487,High
Lira,Western,242366,66,138,353,113,4083,43,7477,7961,Low
Arua,Eastern,852851,24,168,213,997,7796,87,8214,6811,Low
Gulu,Northern,327511,79,134,359,970,11728,40,8778,1108,Low
Masaka,Eastern,580949,40,199,430,806,43363,80,2162,5258,High
Gulu,Central,699069,8,185,38,948,20948,79,669,6312,Medium
Wakiso,Central,75151,16,188,584,887,25830,42,3550,3815,Medium
Mbarara,Western,842184,38,38,104,226,42701,53,7352,6306,High
Lira,Western,176568,57,96,217,621,27722,67,2391,3586,Medium
Kabale,Central,633220,58,34,407,481,3017,97,3735,4933,Low
Arua,Eastern,62867,33,137,175,600,49338,72,320,5127,High
Kabale,Northern,810900,31,198,473,218,19259,70,6511,4317,Medium
Kabale,Western,304284,25,103,578,962,9878,59,3051,5635,Low
Jinja,Central,782206,12,167,585,828,13101,88,8594,2893,Medium
Arua,Western,94109,51,82,82,265,47232,93,3081,4125,High
Mbale,Northern,781912,48,200,364,148,49558,77,4602,2118,High
Mbale,Central,293013,37,89,585,705,2383,55,9348,5390,Low
Arua,Central,590175,61,102,225,48,44002,40,5820,1712,High
Wakiso,Eastern,112459,35,77,69,196,9316,87,9256,2391,Low
Gulu,Western,342749,50,174,187,679,32943,78,6056,1345,High
Masaka,Northern,316108,16,63,282,778,3084,60,9270,2497,Low
Masaka,Central,809132,48,83,495,50,27586,97,6536,6832,Medium
Mbale,Northern,565933,17,169,52,71,46263,75,3115,2922,High
Kabale,Central,79206,32,109,525,34,13199,81,1240,1257,Medium
Kabale,Northern,619478,62,19,587,183,13064,63,7978,6703,High
Gulu,Western,125265,48,196,202,282,1893,86,2342,2521,Low
Mbale,Central,196944,27,59,114,259,33044,87,180,6164,High
Jinja,Western,757046,47,59,470,472,20258,83,167,2016,Medium
Kabale,Eastern,891667,11,32,164,687,8201,92,2051,5768,Low
Wakiso,Western,671670,73,46,352,261,40036,45,9240,1110,High
Masaka,Eastern,645976,42,149,461,868,20625,57,4683,1773,Medium
Kabale,Central,257063,64,21,302,245,13883,81,224,4271,Medium
Kampala,Western,842210,14,20,44,59,14058,63,5756,845,Medium
Mbarara,Central,395342,9,43,337,137,47170,55,728,1662,High
Mbarara,Western,329395,11,130,353,533,30076,56,2019,5891,High
Mbale,Northern,195058,75,142,566,850,37887,86,5783,566,High
Arua,Western,364341,66,136,481,562,21189,79,9929,4707,Medium
Masaka,Northern,577100,50,122,154,471,12050,100,4093,6081,Medium
Wakiso,Eastern,632162,43,102,485,995,34663,51,3791,5641,High
Wakiso,Eastern,597675,56,42,49,512,28286,76,8730,3681,Medium
Mbarara,Western,551149,12,83,283,224,39493,62,3810,5322,High
Arua,Central,169731,26,28,20,644,11921,55,8315,316,Low
Jinja,Northern,522023,12,44,38,289,17115,50,6649,7132,Medium
Arua,Northern,73789,39,88,274,653,8509,65,5505,979,Low
Wakiso,Central,652814,22,130,206,78,24287,98,4923,2206,Medium
Mbarara,Northern,801458,39,74,160,353,35559,56,4757,5161,High
Kabale,Western,799783,33,124,154,205,34273,98,6648,7780,High
Lira,Western,222887,75,36,50,669,45572,81,9309,4404,High
Wakiso,Northern,180487,73,122,461,287,11404,64,9249,3527,Low
Lira,Central,180377,5,74,28,259,30989,59,610,3447,High
Mbale,Eastern,147382,24,5,467,944,35292,65,4314,1303,High
Kabale,Central,794980,56,67,57,377,20023,70,5385,7031,Medium
Wakiso,Eastern,309605,57,199,227,166,11402,55,2916,2296,Low
Arua,Eastern,487937,75,103,491,989,2813,92,5702,2807,Low
Masaka,Central,106762,61,128,469,688,31942,71,9897,373,High
Kampala,Western,876120,47,77,154,483,45188,74,4223,4033,High
Gulu,Northern,651571,12,136,97,519,21559,94,6908,6700,Medium
Jinja,Western,512509,63,23,505,108,10219,49,360,4531,Low
Kampala,Eastern,150074,62,5,160,968,36138,60,8986,422,High
Jinja,Eastern,882216,11,34,171,934,35248,82,4971,1870,High
Gulu,Eastern,721045,51,68,275,929,35502,53,3509,1694,High
Masaka,Northern,299658,74,41,233,265,15283,97,6940,492,Medium
Mbarara,Eastern,745156,24,66,510,292,28730,66,3679,1586,Medium
Jinja,Central,387604,16,126,24,237,44673,56,905,2729,High
Lira,Northern,844745,44,107,576,457,39331,60,8691,640,High
Jinja,Northern,240385,23,138,232,443,22185,64,1782,5243,Medium
Gulu,Northern,146126,70,128,529,714,49067,77,4563,3867,High
Jinja,Northern,333294,10,45,390,396,47010,58,4357,885,High
Mbarara,Northern,677655,37,125,259,887,3273,94,7323,2232,Low
Gulu,Northern,228903,35,13,496,298,28334,45,6980,7269,High
Arua,Northern,773843,11,103,42,232,35689,74,2382,6719,High
Mbarara,Eastern,337116,27,158,298,271,49117,100,5873,6986,High
Lira,Eastern,244768,66,144,391,793,15723,87,8502,4664,Medium
Gulu,Eastern,817025,30,191,539,243,15182,76,5959,6702,Medium
Jinja,Western,514206,53,182,519,470,33576,73,6294,2256,High
Jinja,Northern,456684,64,101,282,229,18493,85,8983,252,Medium
Arua,Central,856149,23,156,285,813,23040,54,1401,3296,Medium
Kabale,Eastern,694252,14,115,474,297,23232,59,3907,6175,Medium
Mbale,Eastern,798147,76,145,254,322,18825,82,229,7270,Medium
Lira,Northern,844039,38,79,121,168,12901,40,6432,7977,Medium
Lira,Northern,444698,23,76,57,608,33377,51,4623,5722,High
Kabale,Eastern,387730,43,31,362,35,17342,81,4916,7380,Medium
Mbarara,Central,785759,9,192,45,209,28156,77,4667,2558,Medium
Mbale,Eastern,830908,55,149,573,914,35344,83,2962,6602,High
Kabale,Western,304382,20,58,140,575,22881,53,5122,2612,Medium
Kampala,Western,830005,27,30,381,222,4793,73,265,2697,Low
Wakiso,Western,403839,35,119,519,628,24894,50,5660,2545,Medium
Kampala,Central,526746,8,158,589,120,29477,52,2624,1630,Medium
Wakiso,Northern,138236,76,194,274,749,36428,94,928,2666,High
Mbarara,Northern,257040,15,42,509,90,36636,51,9996,5595,High
Lira,Northern,795275,60,136,173,365,6502,50,8036,3325,Low
Masaka,Western,659604,5,81,383,916,5221,69,9154,1284,Low
Gulu,Western,519950,75,56,359,111,48824,93,1695,3017,High
Mbarara,Central,736993,49,157,191,554,13419,46,8305,7103,Medium
Gulu,Northern,740504,34,8,516,871,39108,51,4404,2509,High
Gulu,Central,265183,72,97,170,726,36097,98,543,6410,High
Mbarara,Northern,340368,10,30,539,483,37313,41,1138,3831,High
Gulu,Western,413856,7,69,57,35,1708,86,8384,4714,Low
Jinja,Eastern,206723,41,190,168,64,47358,97,8504,5339,High
Kampala,Western,315512,52,21,422,419,39112,44,6009,7781,High
Kampala,Northern,83809,59,186,504,621,32601,40,1298,3407,High
Mbarara,Northern,734162,72,196,498,52,20935,82,6303,7074,Medium
Mbale,Western,307896,69,139,256,685,7089,81,7700,503,Low
Masaka,Central,750340,46,35,419,633,30366,75,5117,5516,High
Kabale,Central,73372,11,5,600,383,20405,46,8670,3125,High
